mac,rss,pos
94:64:24:a1:00:c2,-54,401호
94:64:24:a1:00:c0,-54,401호
c4:34:6b:10:21:a4,-58,401호
94:64:24:a1:00:a2,-61,401호
94:64:24:a1:00:a0,-62,401호
94:64:24:a0:34:f0,-71,401호
94:64:24:a0:34:f1,-71,401호
94:64:24:a1:00:a2,-59,402호
94:64:24:a1:00:a0,-59,402호
94:64:24:a1:00:c2,-63,402호
94:64:24:a1:00:c0,-63,402호
c4:34:6b:10:21:a4,-64,402호
94:64:24:9e:fa:82,-69,402호
94:64:24:9e:fa:80,-69,402호
94:64:24:9e:fa:62,-59,403호
94:64:24:9e:fa:60,-59,403호
94:64:24:9e:fa:82,-62,403호
94:64:24:9e:fa:80,-62,403호
94:64:24:a1:00:c2,-68,403호
94:64:24:a1:00:c0,-68,403호
94:64:24:a0:ce:82,-71,403호
94:64:24:a0:ce:82,-59,404호
94:64:24:a0:ce:80,-59,404호
94:64:24:a0:ce:62,-64,404호
94:64:24:a0:ce:60,-65,404호
94:64:24:9e:fa:62,-65,404호
94:64:24:9e:fa:60,-65,404호
94:64:24:9e:fa:82,-69,404호
94:64:24:9e:7e:42,-56,405호
94:64:24:9e:7e:40,-57,405호
94:64:24:9e:7e:62,-59,405호
94:64:24:9e:7e:60,-59,405호
94:64:24:a0:8a:12,-68,405호
94:64:24:a0:8a:10,-68,405호
94:64:24:9f:82:40,-69,405호
94:64:24:9f:82:40,-61,406호
94:64:24:9f:82:42,-61,406호
94:64:24:a0:8a:12,-64,406호
94:64:24:a0:8a:10,-64,406호
94:64:24:9d:d8:52,-65,406호
94:64:24:9d:d8:50,-65,406호
94:64:24:9d:d8:72,-66,406호
94:64:24:9d:d8:52,-58,407호
94:64:24:9d:d8:50,-64,407호
94:64:24:9d:d8:72,-67,407호
94:64:24:9d:d8:70,-67,407호
94:64:24:9f:82:40,-67,407호
94:64:24:9f:82:42,-67,407호
94:64:24:a0:8a:12,-68,407호
94:64:24:9f:f9:82,-59,408호
94:64:24:9f:f9:62,-60,408호
94:64:24:9f:f9:80,-60,408호
94:64:24:9f:f9:60,-61,408호
94:64:24:a1:08:b2,-72,408호
94:64:24:9d:d8:72,-73,408호
94:64:24:9d:d8:70,-74,408호
94:64:24:a1:08:b2,-58,409호
94:64:24:a1:08:b0,-59,409호
94:64:24:a1:08:d0,-60,409호
94:64:24:a1:08:d2,-60,409호
94:64:24:9f:ba:b2,-69,409호
94:64:24:9f:ba:b0,-69,409호
94:64:24:9f:f9:80,-74,409호
94:64:24:9f:ba:b2,-67,410호
94:64:24:9f:ba:b0,-68,410호
94:64:24:9f:ba:92,-70,410호
94:64:24:9f:ba:90,-71,410호
94:64:24:a1:08:b0,-72,410호
94:64:24:a1:08:b2,-72,410호
94:64:24:9e:24:30,-73,410호
94:64:24:9d:df:00,-65,411호
94:64:24:9d:df:02,-65,411호
94:64:24:a1:89:12,-68,411호
94:64:24:a1:89:10,-68,411호
94:64:24:9f:ba:b2,-71,411호
94:64:24:9f:ba:b0,-71,411호
94:64:24:a1:88:f0,-74,411호
94:64:24:9f:38:70,-57,412호
94:64:24:9f:38:72,-58,412호
94:64:24:9f:38:92,-59,412호
94:64:24:9f:38:90,-59,412호
94:64:24:9e:84:12,-65,412호
94:64:24:9e:84:10,-65,412호
94:64:24:9e:84:32,-66,412호
94:64:24:a0:3d:02,-59,413호
94:64:24:a0:3d:00,-59,413호
94:64:24:9d:f1:32,-63,413호
94:64:24:9d:f1:30,-63,413호
94:64:24:a0:3c:e2,-64,413호
94:64:24:9e:84:12,-65,413호
94:64:24:9e:84:30,-65,413호
94:64:24:9f:c4:42,-56,414호
94:64:24:9f:c4:40,-56,414호
94:64:24:9f:83:90,-80,414호
94:64:24:9f:83:92,-81,414호
94:64:24:9f:12:20,-82,414호
94:64:24:9f:12:21,-83,414호
94:64:24:9f:c4:20,-54,415호
94:64:24:9f:c4:42,-55,415호
94:64:24:9f:c4:40,-55,415호
94:64:24:9f:c4:22,-57,415호
94:64:24:9d:f1:12,-61,415호
94:64:24:9d:f1:32,-61,415호
94:64:24:9d:f1:30,-61,415호
94:64:24:9f:83:92,-57,416호
94:64:24:9f:83:90,-57,416호
94:64:24:9f:12:21,-83,416호
94:64:24:9f:12:20,-83,416호
94:64:24:9f:c4:40,-85,416호
94:64:24:9f:c4:42,-86,416호
88:36:6c:83:5c:e2,-44,417호
aa:b1:3b:05:3a:72,-54,417호
94:64:24:9f:83:90,-55,417호
94:64:24:9f:83:92,-56,417호
94:64:24:9f:83:70,-56,417호
94:64:24:9f:83:72,-57,417호
b0:6e:bf:6a:a7:00,-62,417호
94:64:24:9e:72:f0,-54,418호
94:64:24:9e:72:f2,-54,418호
88:36:6c:83:5c:e2,-55,418호
b0:6e:bf:6a:a7:00,-56,418호
6c:02:e0:fe:1f:b1,-56,418호
94:64:24:9e:8a:90,-57,418호
94:64:24:9e:8a:92,-57,418호
b0:6e:bf:6a:a7:00,-47,419호
b0:6e:bf:6a:a7:04,-54,419호
94:64:24:9e:72:f2,-55,419호
94:64:24:9e:72:f0,-55,419호
94:64:24:9e:72:d0,-59,419호
94:64:24:a1:6f:90,-60,419호
94:64:24:a1:6f:92,-61,419호
b0:6e:bf:6a:a7:00,-45,420호
94:64:24:9e:72:f2,-54,420호
94:64:24:9e:72:f0,-54,420호
6c:02:e0:fe:1f:b1,-54,420호
b0:6e:bf:6a:a7:04,-56,420호
94:64:24:a1:6f:90,-61,420호
94:64:24:a1:6f:92,-61,420호
10:0c:6b:2e:e9:02,-58,421호
86:25:19:a9:5e:71,-58,421호
10:0c:6b:2e:e9:01,-61,421호
10:0c:6b:2e:e9:00,-61,421호
70:5d:cc:2d:67:d4,-61,421호
94:64:24:a0:1f:70,-63,421호
94:64:24:a1:6f:92,-64,421호
10:0c:6b:2e:e9:02,-48,422호
10:0c:6b:2e:e9:01,-54,422호
94:64:24:a0:1f:90,-57,422호
94:64:24:a0:1f:91,-57,422호
94:64:24:a0:1f:70,-57,422호
94:64:24:a0:1f:71,-57,422호
10:0c:6b:2e:e9:00,-57,422호
10:0c:6b:2e:e9:02,-49,423호
10:0c:6b:2e:e9:01,-54,423호
10:0c:6b:2e:e9:00,-56,423호
94:64:24:a0:1f:71,-57,423호
94:64:24:a0:1f:90,-58,423호
94:64:24:a0:1f:91,-58,423호
94:64:24:a0:1f:70,-59,423호
94:64:24:9e:3f:00,-58,424호
94:64:24:9e:3f:01,-58,424호
94:64:24:9e:3e:e0,-61,424호
94:64:24:9e:3e:e1,-61,424호
70:5d:cc:2d:67:d4,-61,424호
10:0c:6b:2e:e9:02,-65,424호
94:64:24:9f:45:c0,-65,424호
94:64:24:9f:03:c0,-60,425호
1e:39:29:50:eb:13,-63,425호
94:64:24:9e:3f:00,-63,425호
94:64:24:9e:3f:01,-63,425호
94:64:24:9f:03:e2,-64,425호
94:64:24:9e:3e:e1,-64,425호
94:64:24:9f:03:e0,-64,425호
1e:39:29:50:eb:13,-51,426호
94:64:24:9f:03:e2,-56,426호
94:64:24:9f:03:e0,-56,426호
94:64:24:9f:03:c0,-59,426호
94:64:24:9f:03:c2,-59,426호
58:86:94:49:4c:7e,-64,426호
94:64:24:9e:05:72,-65,426호
1e:39:29:50:eb:13,-51,427호
94:64:24:9e:05:52,-54,427호
94:64:24:9e:05:50,-54,427호
94:64:24:9e:05:72,-57,427호
86:25:19:c9:41:b9,-57,427호
94:64:24:9e:05:70,-57,427호
12:5b:ad:78:eb:9a,-58,427호
1e:39:29:50:eb:13,-54,428호
94:64:24:9e:05:52,-54,428호
94:64:24:9e:05:50,-54,428호
94:64:24:9e:05:72,-56,428호
94:64:24:9e:05:70,-56,428호
12:5b:ad:78:eb:9a,-57,428호
86:25:19:c9:41:b9,-63,428호
94:64:24:a1:22:81,-53,429호
94:64:24:a1:22:80,-53,429호
94:64:24:9f:45:e0,-83,429호
94:64:24:9f:45:e1,-83,429호
94:64:24:9e:8a:92,-86,429호
94:64:24:9e:8a:90,-87,429호
ce:9e:43:53:d6:f9,-51,430호
c8:9e:43:53:d6:f9,-53,430호
94:64:24:9e:2c:e0,-54,430호
94:64:24:9e:2c:e2,-54,430호
c8:9e:43:53:d6:fb,-55,430호
aa:6b:ad:3f:5e:36,-58,430호
12:5b:ad:78:eb:9a,-60,430호
c8:9e:43:53:d6:f9,-50,431호
ce:9e:43:53:d6:f9,-51,431호
aa:6b:ad:3f:5e:36,-56,431호
64:e6:25:04:a6:13,-57,431호
94:64:24:9e:2c:e0,-57,431호
94:64:24:9e:2c:e2,-57,431호
94:64:24:9e:2d:00,-59,431호
c8:9e:43:53:d6:f9,-53,432호
ce:9e:43:53:d6:f9,-54,432호
94:64:24:9e:72:f0,-56,432호
94:64:24:9e:72:f2,-56,432호
94:64:24:a0:fe:e0,-57,432호
94:64:24:a0:fe:e1,-57,432호
28:6d:97:88:a7:8e,-59,432호
94:64:24:9e:72:f2,-49,433호
94:64:24:9e:72:f0,-50,433호
94:64:24:9e:05:72,-86,433호
94:64:24:9e:05:70,-87,433호
94:64:24:a0:1f:91,-88,433호
94:64:24:a0:1f:90,-89,433호
94:64:24:a0:fe:c0,-50,434호
94:64:24:a0:fe:c1,-51,434호
94:64:24:9e:72:f2,-53,434호
94:64:24:9e:72:f0,-54,434호
c4:34:6b:10:21:a4,-57,434호
94:64:24:a0:fe:e0,-57,434호
94:64:24:a0:fe:e1,-57,434호
c4:34:6b:10:21:a4,-47,435호
28:6d:97:88:a7:8e,-49,435호
94:64:24:a0:34:f0,-56,435호
94:64:24:a0:34:f1,-56,435호
94:64:24:a0:34:d1,-60,435호
94:64:24:9e:72:f0,-61,435호
94:64:24:9e:72:f2,-61,435호
94:64:24:9f:12:20,-48,4층 아르테크네
94:64:24:9f:12:21,-48,4층 아르테크네
94:64:24:9f:12:01,-49,4층 아르테크네
1e:39:29:50:eb:13,-49,4층 아르테크네
94:64:24:9f:12:00,-51,4층 아르테크네
94:64:24:9f:03:e0,-55,4층 아르테크네
94:64:24:9f:03:e2,-55,4층 아르테크네
94:64:24:9f:12:20,-46,4층 아르테크네쪽 계단실
94:64:24:9f:12:21,-46,4층 아르테크네쪽 계단실
94:64:24:9f:45:c1,-48,4층 아르테크네쪽 계단실
94:64:24:9f:12:00,-49,4층 아르테크네쪽 계단실
94:64:24:9f:12:01,-49,4층 아르테크네쪽 계단실
94:64:24:9f:45:c0,-49,4층 아르테크네쪽 계단실
94:64:24:9f:45:e0,-52,4층 아르테크네쪽 계단실
94:64:24:9e:24:11,-68,411호쪽 계단실
94:64:24:9e:24:10,-69,411호쪽 계단실
94:64:24:9f:ba:b2,-69,411호쪽 계단실
94:64:24:9f:ba:b0,-69,411호쪽 계단실
94:64:24:9e:24:30,-70,411호쪽 계단실
94:64:24:9e:24:31,-70,411호쪽 계단실
94:64:24:a1:08:b2,-71,411호쪽 계단실
94:64:24:9e:24:30,-63,416호쪽 계단실
94:64:24:9e:24:31,-63,416호쪽 계단실
94:64:24:9e:24:11,-76,416호쪽 계단실
94:64:24:9f:38:70,-76,416호쪽 계단실
94:64:24:9f:38:92,-77,416호쪽 계단실
94:64:24:9e:24:10,-77,416호쪽 계단실
94:64:24:9f:38:72,-77,416호쪽 계단실
c4:34:6b:10:21:a4,-55,401쪽 계단실
94:64:24:a0:34:d0,-64,401쪽 계단실
94:64:24:a0:34:d1,-64,401쪽 계단실
94:64:24:a1:00:c2,-65,401쪽 계단실
94:64:24:a1:00:c0,-65,401쪽 계단실
94:64:24:a1:00:a2,-67,401쪽 계단실
94:64:24:9e:72:f0,-67,401쪽 계단실
94:64:24:9f:03:e2,-51,아르테크네쪽 엘레베이터
94:64:24:9f:03:e0,-51,아르테크네쪽 엘레베이터
94:64:24:9f:03:c0,-53,아르테크네쪽 엘레베이터
94:64:24:9f:03:c2,-53,아르테크네쪽 엘레베이터
1e:39:29:50:eb:13,-55,아르테크네쪽 엘레베이터
94:64:24:9f:12:20,-61,아르테크네쪽 엘레베이터
94:64:24:9f:12:21,-61,아르테크네쪽 엘레베이터
94:64:24:9e:72:f2,-47,418호쪽 엘레베이터
94:64:24:9e:72:f0,-47,418호쪽 엘레베이터
94:64:24:9e:8a:90,-57,418호쪽 엘레베이터
94:64:24:9e:8a:92,-57,418호쪽 엘레베이터
28:6d:97:88:a7:8e,-62,418호쪽 엘레베이터
88:36:6c:83:5c:e2,-63,418호쪽 엘레베이터
c4:34:6b:10:21:a4,-63,418호쪽 엘레베이터
94:64:24:9f:ba:b2,-62,409호쪽 엘레베이터
94:64:24:9f:ba:b0,-62,409호쪽 엘레베이터
94:64:24:a1:08:d0,-68,409호쪽 엘레베이터
94:64:24:a1:08:d2,-68,409호쪽 엘레베이터
94:64:24:a1:08:b0,-72,409호쪽 엘레베이터
94:64:24:a1:08:b2,-72,409호쪽 엘레베이터
94:64:24:9e:84:10,-76,409호쪽 엘레베이터
94:64:24:9e:21:92,-51,501호
94:64:24:9e:21:90,-51,501호
86:25:19:c7:c7:c5,-52,501호
94:64:24:9e:21:70,-60,501호
94:64:24:9e:21:72,-61,501호
02:68:eb:f6:c7:1b,-62,501호
94:64:24:9e:d1:42,-68,501호
e0:69:95:8e:d0:54,-74,502호
94:64:24:a1:09:90,-75,502호
94:64:24:9e:d1:42,-75,502호
94:64:24:9e:d1:40,-75,502호
94:64:24:a1:09:92,-75,502호
94:64:24:a1:09:70,-77,502호
94:64:24:9d:fb:f2,-78,502호
94:64:24:a1:0f:32,-53,503호
94:64:24:a1:0f:30,-53,503호
94:64:24:a1:0f:10,-60,503호
94:64:24:a1:0f:12,-61,503호
94:64:24:9f:14:c0,-63,503호
94:64:24:9f:14:c1,-63,503호
94:64:24:9e:d1:40,-66,503호
94:64:24:a1:59:d2,-56,504호
94:64:24:a1:59:d0,-56,504호
94:64:24:a0:fe:50,-59,504호
94:64:24:a0:fe:51,-59,504호
94:64:24:a1:59:b2,-62,504호
94:64:24:a1:59:b0,-62,504호
94:64:24:9f:14:c0,-63,504호
94:64:24:a0:df:c0,-62,505호
94:64:24:a0:df:c2,-62,505호
06:0e:3c:e9:79:a3,-65,505호
94:64:24:9f:51:60,-65,505호
94:64:24:9e:c3:30,-66,505호
94:64:24:9e:c3:32,-66,505호
94:64:24:a0:fe:50,-66,505호
94:64:24:9f:70:72,-70,506호
94:64:24:a0:ae:d0,-71,506호
94:64:24:9f:70:70,-71,506호
94:64:24:a0:ae:d2,-71,506호
94:64:24:a0:0b:80,-72,506호
94:64:24:a0:0b:82,-72,506호
96:e6:f7:ea:65:be,-75,506호
94:64:24:9e:c3:30,-59,507호
94:64:24:9e:c3:32,-59,507호
94:64:24:9f:51:62,-62,507호
94:64:24:a0:df:c0,-64,507호
94:64:24:a0:df:c2,-64,507호
06:0e:3c:e9:79:a3,-64,507호
94:64:24:9f:51:60,-65,507호
94:64:24:a0:0b:80,-60,508호
94:64:24:a0:0b:82,-60,508호
94:64:24:a0:0b:62,-62,508호
96:e6:f7:ea:65:be,-63,508호
94:64:24:a0:0b:60,-64,508호
94:64:24:9f:70:72,-66,508호
94:64:24:9f:70:70,-67,508호
94:64:24:9f:70:70,-48,509호
94:64:24:9f:70:72,-48,509호
94:64:24:9f:70:50,-54,509호
94:64:24:9f:70:52,-55,509호
94:64:24:a0:ae:d0,-66,509호
94:64:24:a0:ae:d2,-66,509호
96:e6:f7:ea:65:be,-69,509호
94:64:24:9f:70:70,-61,510호
94:64:24:9f:70:72,-61,510호
94:64:24:9e:16:22,-64,510호
94:64:24:9e:16:20,-65,510호
94:64:24:9e:e1:32,-68,510호
94:64:24:9e:e1:30,-68,510호
96:e6:f7:ea:65:be,-69,510호
94:64:24:9f:70:70,-60,511호
94:64:24:9f:70:72,-60,511호
94:64:24:9f:70:52,-60,511호
94:64:24:9f:70:50,-61,511호
96:e6:f7:ea:65:be,-65,511호
94:64:24:9e:16:22,-67,511호
94:64:24:9e:16:20,-67,511호
94:64:24:9d:fb:f2,-58,512호
94:64:24:9d:fb:f0,-58,512호
94:64:24:9d:fc:12,-59,512호
94:64:24:9d:fc:10,-59,512호
e0:69:95:8e:d0:54,-63,512호
fa:da:0c:48:e6:ae,-66,512호
94:64:24:a0:ae:b2,-67,512호
fa:da:0c:48:e6:ae,-55,513호
94:64:24:9d:fc:12,-59,513호
94:64:24:9d:fc:10,-59,513호
e0:69:95:8e:d0:54,-60,513호
94:64:24:9d:fb:f2,-67,513호
28:6d:97:55:a8:69,-68,513호
e2:bb:9e:25:be:c1,-68,513호
94:64:24:a1:09:92,-51,514호
94:64:24:a1:09:90,-51,514호
e0:69:95:8e:d0:54,-56,514호
28:6d:97:55:a8:69,-57,514호
e2:bb:9e:25:be:c1,-62,514호
94:64:24:a1:09:72,-67,514호
94:64:24:a1:09:70,-68,514호
28:6d:97:55:a8:69,-53,515호
e0:69:95:8e:d0:54,-60,515호
94:64:24:a1:09:72,-61,515호
94:64:24:a1:09:92,-62,515호
94:64:24:a1:09:90,-62,515호
94:64:24:a1:09:70,-62,515호
86:25:19:28:ed:98,-62,515호
28:6d:97:55:a8:69,-56,516호
86:25:19:28:ed:98,-57,516호
94:64:24:a1:09:92,-64,516호
94:64:24:a1:09:90,-64,516호
e2:bb:9e:25:be:c1,-64,516호
94:64:24:a1:94:f2,-65,516호
94:64:24:a1:94:f0,-65,516호
28:6d:97:55:a8:69,-50,517호
94:64:24:a1:95:12,-54,517호
94:64:24:a1:95:10,-54,517호
86:25:19:28:ed:98,-55,517호
94:64:24:a1:94:f2,-64,517호
94:64:24:9d:e7:10,-65,517호
94:64:24:9d:e7:11,-65,517호
94:64:24:9d:e7:10,-55,518호
94:64:24:9d:e7:11,-55,518호
28:6d:97:55:a8:69,-57,518호
94:64:24:a1:07:b0,-62,518호
94:64:24:a1:07:b2,-62,518호
86:25:19:28:ed:98,-62,518호
00:26:66:94:60:68,-63,518호
94:64:24:a1:07:b0,-50,519호
94:64:24:a1:07:b2,-50,519호
94:64:24:9e:c0:c2,-54,519호
94:64:24:9e:c0:c0,-55,519호
94:64:24:9d:e7:10,-59,519호
94:64:24:9d:e7:11,-59,519호
32:cd:a7:bf:19:1a,-60,519호
9e:30:5b:0e:f2:11,-53,520호
00:26:66:94:60:68,-57,520호
32:cd:a7:bf:19:1a,-57,520호
94:64:24:a0:62:e0,-60,520호
94:64:24:a0:62:e1,-60,520호
fe:01:7c:2d:5d:ff,-61,520호
94:64:24:a1:07:b0,-62,520호
94:64:24:a0:62:e0,-51,521호
94:64:24:a0:62:e1,-51,521호
fe:01:7c:2d:5d:ff,-51,521호
9e:30:5b:0e:f2:11,-56,521호
94:64:24:a1:72:02,-58,521호
94:64:24:a1:72:00,-58,521호
94:64:24:a1:71:e0,-64,521호
94:64:24:a1:72:02,-51,522호
94:64:24:a1:72:00,-51,522호
94:64:24:a1:71:e0,-53,522호
94:64:24:a1:71:e2,-53,522호
fe:01:7c:2d:5d:ff,-60,522호
1e:39:29:89:00:f5,-63,522호
9e:30:5b:0e:f2:11,-63,522호
94:64:24:9f:3d:12,-45,523호
94:64:24:9f:3d:10,-45,523호
1e:39:29:89:00:f5,-52,523호
1e:39:29:50:a3:19,-52,523호
94:64:24:9f:3c:f0,-57,523호
94:64:24:9f:3c:f2,-57,523호
94:64:24:a1:72:00,-59,523호
94:64:24:9f:2b:10,-50,524호
94:64:24:9f:2b:12,-50,524호
94:64:24:9f:2a:f0,-58,524호
94:64:24:a0:fd:01,-59,524호
94:64:24:a0:fd:00,-59,524호
1e:39:29:50:a3:19,-60,524호
94:64:24:9f:3d:12,-61,524호
94:64:24:a0:fd:01,-46,525호
94:64:24:a0:fd:00,-46,525호
94:64:24:9f:e1:50,-48,525호
94:64:24:9f:e1:51,-48,525호
94:64:24:9f:e1:30,-51,525호
94:64:24:9f:e1:31,-52,525호
94:64:24:a0:fc:e0,-56,525호
94:64:24:9f:2b:10,-56,526호
94:64:24:9f:2b:12,-56,526호
94:64:24:9f:e1:50,-56,526호
94:64:24:9f:e1:51,-56,526호
94:64:24:9f:ae:e2,-59,526호
94:64:24:9f:2a:f2,-59,526호
94:64:24:a0:fd:00,-61,526호
94:64:24:9f:38:30,-53,527호
94:64:24:9f:38:32,-53,527호
58:86:94:03:fd:42,-62,527호
5e:ea:1d:82:44:f5,-65,527호
94:64:24:9f:38:12,-65,527호
94:64:24:9f:ae:e2,-66,527호
94:64:24:9f:38:10,-66,527호
94:64:24:a0:ac:00,-56,528호
94:64:24:a0:ac:02,-56,528호
94:64:24:9f:38:12,-57,528호
58:86:94:03:fd:42,-57,528호
94:64:24:9f:38:10,-58,528호
94:64:24:a0:ab:e0,-60,528호
94:64:24:a0:ab:e2,-60,528호
94:64:24:a0:ac:00,-59,529호
94:64:24:a0:ac:02,-59,529호
32:cd:a7:a1:27:aa,-60,529호
94:64:24:a0:24:a0,-61,529호
94:64:24:a0:24:a2,-61,529호
94:64:24:a0:ab:e2,-61,529호
94:64:24:a0:ab:e0,-62,529호
94:64:24:9e:c0:c0,-47,530호
94:64:24:9e:c0:c2,-47,530호
94:64:24:a0:24:a0,-60,530호
94:64:24:a0:24:a2,-60,530호
94:64:24:9e:c0:a0,-61,530호
94:64:24:9e:c0:a2,-61,530호
00:26:66:94:60:68,-62,530호
94:64:24:a0:cb:20,-56,531호
94:64:24:a0:cb:22,-56,531호
94:64:24:9e:c0:c2,-61,531호
94:64:24:a0:cb:02,-61,531호
94:64:24:9e:c0:c0,-62,531호
94:64:24:a0:24:a0,-63,531호
32:cd:a7:a1:27:aa,-63,531호
94:64:24:a0:cb:20,-58,532호
94:64:24:a0:cb:22,-58,532호
02:68:eb:f6:c7:1b,-65,532호
32:cd:a7:a1:27:aa,-68,532호
94:64:24:a0:24:a0,-71,532호
94:64:24:a0:24:a2,-71,532호
94:64:24:9e:c0:c0,-73,532호
94:64:24:a0:fd:01,-48,5층 아르테크네
94:64:24:a0:fd:00,-48,5층 아르테크네
94:64:24:9f:2b:10,-50,5층 아르테크네
94:64:24:9f:2b:12,-50,5층 아르테크네
94:64:24:9f:e1:50,-57,5층 아르테크네
94:64:24:9f:e1:51,-57,5층 아르테크네
94:64:24:9f:2a:f0,-58,5층 아르테크네
94:64:24:9e:d1:22,-55,C-CUBE SQUARE
94:64:24:9e:d1:42,-55,C-CUBE SQUARE
94:64:24:9e:d1:40,-55,C-CUBE SQUARE
94:64:24:9e:d1:20,-56,C-CUBE SQUARE
94:64:24:a0:70:60,-60,C-CUBE SQUARE
94:64:24:a0:70:61,-60,C-CUBE SQUARE
94:64:24:9e:21:90,-62,C-CUBE SQUARE
94:64:24:a0:df:c0,-57,510호 앞 엘리베이터
94:64:24:a0:df:c2,-57,510호 앞 엘리베이터
94:64:24:9f:51:60,-66,510호 앞 엘리베이터
94:64:24:9f:51:62,-66,510호 앞 엘리베이터
94:64:24:9f:81:e2,-67,510호 앞 엘리베이터
06:0e:3c:e9:79:a3,-68,510호 앞 엘리베이터
94:64:24:9f:81:e0,-68,510호 앞 엘리베이터
94:64:24:9e:c0:c0,-54,520호 앞 엘리베이터
94:64:24:9e:c0:c2,-54,520호 앞 엘리베이터
94:64:24:a0:24:a0,-61,520호 앞 엘리베이터
94:64:24:a0:24:a2,-61,520호 앞 엘리베이터
70:5d:cc:0b:04:e2,-61,520호 앞 엘리베이터
94:64:24:9e:c0:a0,-62,520호 앞 엘리베이터
32:cd:a7:a1:27:aa,-62,520호 앞 엘리베이터
94:64:24:9f:2b:10,-48,526호 옆 엘리베이터
94:64:24:9f:2b:12,-48,526호 옆 엘리베이터
94:64:24:a0:fd:01,-51,526호 옆 엘리베이터
94:64:24:a0:fd:00,-51,526호 옆 엘리베이터
94:64:24:9f:2a:f2,-55,526호 옆 엘리베이터
94:64:24:9f:e1:50,-56,526호 옆 엘리베이터
94:64:24:9f:e1:51,-56,526호 옆 엘리베이터
94:64:24:9e:21:92,-58,501호 옆 계단실
94:64:24:9e:21:90,-59,501호 옆 계단실
02:68:eb:f6:c7:1b,-64,501호 옆 계단실
94:64:24:9e:21:72,-67,501호 옆 계단실
94:64:24:9e:21:70,-67,501호 옆 계단실
86:25:19:c7:c7:c5,-67,501호 옆 계단실
94:64:24:a0:cb:20,-71,501호 옆 계단실
94:64:24:a0:df:c0,-53,508호 앞 계단실
94:64:24:a0:df:c2,-53,508호 앞 계단실
94:64:24:a0:df:a0,-57,508호 앞 계단실
94:64:24:a0:df:a2,-58,508호 앞 계단실
94:64:24:9e:c3:30,-60,508호 앞 계단실
94:64:24:9e:c3:32,-60,508호 앞 계단실
06:0e:3c:e9:79:a3,-62,508호 앞 계단실
94:64:24:9e:16:22,-49,511호 옆 계단실
94:64:24:9e:16:20,-49,511호 옆 계단실
94:64:24:9f:70:72,-60,511호 옆 계단실
94:64:24:9e:e1:32,-60,511호 옆 계단실
94:64:24:9e:e1:30,-60,511호 옆 계단실
94:64:24:9f:70:70,-61,511호 옆 계단실
94:64:24:9e:e1:12,-62,511호 옆 계단실
28:6d:97:55:a8:69,-56,519호 옆 계단실
94:64:24:9d:e6:f1,-57,519호 옆 계단실
94:64:24:9d:e6:f0,-58,519호 옆 계단실
94:64:24:9d:e7:10,-59,519호 옆 계단실
94:64:24:9d:e7:11,-59,519호 옆 계단실
00:26:66:94:60:68,-64,519호 옆 계단실
86:25:19:28:ed:98,-65,519호 옆 계단실
94:64:24:9f:2a:f0,-34,526호 옆 계단실
94:64:24:9f:2b:10,-49,526호 옆 계단실
94:64:24:9f:2b:12,-49,526호 옆 계단실
94:64:24:a0:fd:01,-51,526호 옆 계단실
94:64:24:a0:fd:00,-52,526호 옆 계단실
94:64:24:9f:2a:f2,-53,526호 옆 계단실
94:64:24:9f:e1:50,-55,526호 옆 계단실
