cut,tar,dif1,dif2,dif3,dif4,dif5,dif6,dif7,dist
401호,401호,4,4,-1,1,0,-2,-3,2.1
401호,401호,4,4,-3,-1,-3,1,1,2.4
401호,401호,4,4,-3,0,-1,1,1,2
401호,401호,0,0,10,5,4,-4,-4,3.9
401호,401호,0,1,8,0,-2,0,1,1.7
401호,402호,-4,-5,-6,-6,1,3,3,4
401호,402호,-4,-2,-5,-5,1,4,4,3.6
401호,402호,0,-1,-3,-3,-3,3,3,2.3
401호,401호,0,0,7,0,-1,-2,-2,1.7
401호,401호,4,4,6,3,1,-1,-1,2.9
401호,401호,3,3,6,2,2,-3,-3,3.1
401호,401호,5,5,5,4,-1,-3,-3,3.7
401호,401호,3,3,6,1,0,-1,-1,2.1
401호,401호,6,6,4,1,1,0,0,2.6
401호,401호,6,6,4,1,0,-2,-2,3
401호,401호,5,4,3,1,0,-2,-2,2.4
401호,401호,3,3,4,0,-1,-1,-1,1.9
401호,401호,4,4,5,2,0,-1,-1,2.4
401호,401호,3,3,4,2,0,0,0,1.7
401호,401호,3,3,5,3,1,-2,-2,2.7
401호,401호,5,5,4,1,0,-2,-1,2.6
401호,401호,3,3,4,-1,-1,-1,-2,2.1
401호,401호,4,4,3,1,-1,-2,-2,2.4
401호,401호,5,5,4,1,1,-2,-2,2.9
401호,401호,1,1,4,0,-1,-2,-2,1.6
401호,401호,4,4,6,-2,-3,0,0,2.7
401호,401호,2,2,5,0,-1,-2,-2,2
402호,402호,4,2,-5,-5,9,1,1,3.9
402호,401호,-1,0,17,-3,-4,4,3,4.6
402호,401호,0,1,13,-2,-3,3,3,3.6
402호,402호,0,-1,-7,-7,6,2,2,3.6
402호,401호,1,1,11,0,-3,3,3,3.1
402호,401호,1,1,15,-3,-5,3,3,4.4
402호,401호,0,0,12,-4,-5,3,4,4
402호,402호,0,0,-4,-4,9,2,2,3
402호,402호,1,1,-5,-5,10,4,4,4.3
402호,402호,0,1,-6,-6,6,3,3,3.6
402호,402호,0,0,-7,-7,8,0,0,3.1
402호,402호,0,0,-7,-7,9,2,0,3.6
402호,401호,2,2,15,-2,-4,2,2,4.1
402호,402호,2,0,-6,-6,7,3,2,3.7
402호,402호,0,0,-7,-7,7,2,1,3.4
402호,402호,2,1,-6,-6,10,2,2,4.1
403호,401호,2,2,13,-3,-4,5,5,4.9
403호,403호,-4,-3,2,2,-2,-2,3,2.6
403호,403호,-4,-4,4,4,4,4,7,4.4
403호,403호,-1,-1,1,1,2,2,8,2.3
403호,403호,-1,-1,1,1,3,3,6,2.3
403호,403호,-2,-3,1,1,5,5,6,3.3
403호,403호,-2,-2,-2,-2,4,5,5,3.1
403호,403호,-1,-2,-4,-3,3,3,5,3
403호,403호,-1,-2,-1,-1,1,1,6,1.9
403호,403호,0,0,-1,-1,3,3,6,2
403호,403호,-3,-2,1,1,2,2,6,2.4
403호,403호,-2,-3,-2,-2,1,1,7,2.6
403호,403호,-1,-2,-1,-1,1,1,5,1.7
403호,403호,-1,-1,-2,-2,0,0,5,1.6
403호,403호,-1,-1,-1,-1,0,0,4,1.1
403호,403호,-2,-2,0,0,0,0,7,1.6
403호,403호,-3,0,-1,-1,-1,-1,6,1.9
403호,403호,-2,-3,0,0,0,0,7,1.7
403호,403호,-3,-2,-1,-1,0,0,6,1.9
404호,403호,-2,-2,-1,-1,-1,-1,5,1.9
404호,404호,4,5,-3,-4,1,1,-1,2.7
404호,404호,3,3,-3,-3,-5,-6,-4,3.9
404호,403호,0,2,2,2,9,10,-5,4.3
404호,404호,6,6,-2,-3,-5,-4,-2,4
404호,404호,6,6,-2,-3,-5,-4,-2,4
404호,404호,6,6,-2,-4,-4,-4,-4,4.3
404호,404호,2,2,1,-1,1,1,-3,1.6
404호,404호,2,2,0,-2,3,3,-5,2.4
404호,404호,2,2,0,0,0,-1,-5,1.4
404호,404호,0,0,2,0,-1,0,-5,1.1
404호,404호,0,0,2,0,-1,0,-5,1.1
404호,404호,0,0,2,0,-1,0,-5,1.1
404호,404호,0,0,2,0,-1,0,-5,1.1
404호,404호,2,2,2,1,-1,-1,-4,1.9
404호,404호,2,2,2,1,-1,-1,-4,1.9
404호,404호,2,2,2,1,-1,-1,-4,1.9
404호,404호,3,3,1,1,2,2,-3,2.1
404호,404호,3,3,1,1,2,2,-3,2.1
404호,404호,3,3,0,-1,-3,-3,-4,2.4
404호,404호,3,3,0,-1,-3,-3,-4,2.4
404호,404호,3,3,0,-1,-3,-3,-4,2.4
404호,404호,3,3,0,-1,-3,-3,-4,2.4
404호,404호,3,3,0,-1,-3,-3,-4,2.4
404호,403호,3,3,1,1,6,6,-6,3.7
404호,403호,3,3,1,1,6,6,-6,3.7
404호,404호,7,6,3,1,-3,-4,3,3.9
404호,404호,3,3,3,1,0,-1,-4,2.1
405호,405호,3,1,1,1,0,0,2,1.1
405호,405호,-3,-4,-3,-3,3,3,1,2.9
405호,405호,-2,-5,-1,-1,1,1,-2,1.9
405호,405호,-2,-4,5,5,-2,-2,-2,3.1
405호,405호,-2,-4,3,3,0,1,-2,2.1
405호,405호,3,-1,1,1,0,1,-2,1.3
405호,405호,1,1,2,2,68,68,25,23.9
405호,405호,-1,-2,1,1,-1,-1,-2,1.3
405호,405호,-2,-3,8,8,3,3,-2,4.1
405호,405호,-2,-3,7,7,0,0,-2,3
405호,405호,-1,-4,7,7,2,2,-1,3.4
405호,405호,-3,-4,7,7,1,1,-2,3.6
405호,405호,-3,-4,5,5,0,0,-2,2.7
405호,405호,-2,-3,6,6,0,0,-3,2.9
405호,405호,-2,-3,6,6,-1,-1,-2,3
405호,405호,-2,-3,5,5,1,1,-2,2.7
405호,405호,-2,-3,5,5,1,1,-2,2.7
405호,405호,-1,-3,6,6,1,1,-1,2.7
405호,405호,-1,-1,1,1,3,3,-1,1.6
405호,405호,-1,-2,1,1,0,0,-1,0.9
405호,405호,-3,-3,1,1,-1,-1,1,1.6
405호,405호,-1,-2,5,5,-1,-1,0,2.1
405호,405호,0,0,1,1,1,1,0,0.6
405호,405호,-1,1,-1,-1,-1,-1,1,1
405호,405호,-1,-2,1,1,-1,-1,0,1
405호,407호,16,11,9,9,3,3,0,7.3
405호,405호,0,-2,1,1,0,0,0,0.6
405호,405호,16,15,6,6,3,3,1,7.1
405호,405호,16,15,6,6,3,3,1,7.1
405호,405호,16,15,6,6,3,3,1,7.1
406호,405호,5,4,4,4,0,0,0,2.4
406호,406호,6,6,1,1,11,3,-3,4.4
406호,406호,5,5,1,1,-1,-1,-1,2.1
406호,407호,5,-1,3,3,1,1,-1,2.1
406호,407호,5,-1,4,4,1,1,0,2.3
406호,407호,5,-1,1,1,1,1,0,1.4
406호,407호,5,-2,1,1,1,1,0,1.6
406호,407호,5,-2,1,1,2,2,0,1.9
406호,407호,1,-5,0,0,2,1,-2,1.6
406호,407호,3,-4,1,1,1,1,-6,2.4
406호,407호,3,-3,2,2,0,0,-6,2.3
406호,407호,4,-3,1,1,1,1,-6,2.4
406호,406호,12,13,0,0,7,5,14,7.29
406호,406호,12,13,0,0,7,5,14,7.29
406호,406호,12,13,0,0,7,5,14,7.29
406호,406호,12,13,0,0,7,5,14,7.29
406호,407호,0,6,10,10,11,11,5,7.57
406호,407호,3,-3,0,0,3,3,-6,2.6
406호,406호,4,4,-1,-1,-2,-1,-2,2.1
406호,407호,3,-2,0,0,1,1,-7,2
406호,407호,5,-2,-1,-1,-2,-2,-2,2.1
406호,406호,13,13,2,2,5,4,13,7.43
406호,406호,13,13,2,2,5,4,13,7.43
406호,407호,5,-1,-5,-5,0,0,-7,3.3
406호,406호,7,6,-2,-2,0,-1,-6,3.4
406호,406호,2,2,-1,-1,-1,0,-5,1.7
406호,407호,8,2,-3,-3,-2,-2,3,3.3
406호,407호,-1,-5,-5,-3,-3,2,0,11
406호,407호,6,1,-4,-4,-3,-3,6,3.9
406호,407호,6,1,-2,-2,-1,-1,-2,2.1
406호,406호,3,3,1,1,-1,-1,0,1.4
406호,407호,3,-3,-2,-2,-1,-1,0,1.7
406호,407호,3,-1,-1,-1,-1,-1,0,1.1
406호,406호,0,0,5,5,1,-1,-2,2
407호,406호,1,1,2,3,2,3,-2,2
407호,406호,-5,-5,3,3,-4,-4,2,3.7
407호,406호,-5,-5,2,2,1,0,-1,2.3
407호,406호,-5,-5,4,3,3,3,-1,3.4
407호,406호,-9,-9,4,3,-1,-1,-1,4
407호,406호,-12,-12,6,6,-2,-2,-1,5.9
407호,406호,-11,-11,9,9,6,5,0,7.3
407호,406호,-12,-12,11,11,3,3,1,7.6
407호,406호,-11,-11,9,9,0,4,0,6.3
407호,406호,-10,-11,9,9,4,4,-1,6.9
407호,406호,-11,-11,9,10,5,0,0,6.6
407호,406호,-10,-10,10,10,6,6,0,7.4
407호,406호,-6,-6,10,10,3,2,-2,5.6
407호,408호,9,16,8,15,1,-3,-3,7.9
407호,406호,-10,-10,8,8,5,5,4,7.1
407호,408호,8,13,7,6,8,-2,-3,6.7
407호,406호,-7,-7,1,1,4,3,0,3.3
407호,406호,-7,-7,1,1,4,3,0,3.3
407호,406호,-7,-7,2,2,0,1,1,2.9
407호,406호,-7,-7,4,3,-1,-1,0,3.3
407호,406호,-8,-8,4,4,-5,-2,0,4.4
407호,406호,-8,-8,4,4,-5,-2,0,4.4
407호,406호,-9,-8,6,6,0,1,-2,4.6
407호,406호,-5,-5,2,2,1,1,-1,2.4
407호,406호,-8,-9,4,4,-1,2,3,4.4
407호,406호,-6,-6,6,5,-1,-1,0,3.6
407호,406호,-9,-9,5,5,5,4,1,5.4
407호,406호,-9,-9,8,8,7,6,2,7
407호,406호,-12,-12,7,7,3,6,-2,7
407호,406호,-11,-11,8,7,7,7,-4,7.9
407호,406호,-12,-12,7,7,6,6,-3,7.6
407호,406호,-11,-12,8,8,-1,-1,-4,6.4
407호,406호,-3,-3,7,7,5,6,-3,4.9
407호,407호,10,5,0,0,8,8,-2,4.7
407호,407호,17,5,-11,-11,4,4,5,8.1
407호,407호,17,5,-11,-11,4,4,5,8.1
407호,406호,-11,-5,3,3,0,4,0,3.7
407호,406호,-1,-1,1,1,1,1,-4,1.4
407호,406호,-1,-1,3,3,-2,-3,-4,2.4
407호,407호,7,1,-3,-3,2,2,-1,2.7
407호,406호,-2,-2,4,3,1,3,3,2.6
407호,406호,-7,-7,4,4,-2,-2,-10,5.1
407호,405호,21,20,13,13,-2,-2,-69,20
407호,406호,-5,-4,5,5,-1,2,-4,3.7
407호,405호,23,11,11,-1,0,-69,0,24.4
407호,405호,23,11,11,-1,0,-69,0,24.4
407호,405호,25,22,13,13,0,0,-69,20.3
407호,406호,-5,-5,4,4,-1,0,-8,3.9
407호,406호,-5,-5,4,4,-1,0,-8,3.9
408호,406호,4,4,-1,-1,-66,0,0,28.3
408호,408호,5,-2,4,-3,0,7,6,3.9
408호,408호,5,5,4,4,-4,-1,-2,3.6
408호,408호,5,4,4,-2,-2,-3,0,13.1
408호,408호,5,5,4,4,-3,-1,-2,3.4
408호,408호,5,5,4,4,-4,0,-1,3.3
408호,408호,4,5,3,4,-5,0,0,3
408호,408호,4,8,3,6,3,2,1,3.9
408호,408호,7,7,6,3,4,-4,-5,5.1
408호,408호,9,5,8,4,2,-5,-6,5.6
408호,408호,8,8,7,7,1,-2,-3,5.1
408호,408호,10,4,9,2,-3,-6,-7,5.9
408호,408호,6,2,5,-2,1,-6,-7,4.1
408호,408호,6,-5,5,-11,1,-2,-3,4.7
408호,408호,8,-3,8,-4,1,6,5,5
408호,408호,8,-3,7,-3,4,0,-1,3.7
408호,408호,12,6,11,4,3,3,2,5.9
408호,409호,10,9,10,10,-5,0,0,23
408호,411호,24,24,20,18,6,7,15,16.3
408호,408호,7,4,6,2,8,7,6,5.7
408호,408호,8,6,7,5,3,11,-74,16.3
408호,408호,7,4,6,4,0,5,4,4.3
408호,408호,6,4,6,3,0,6,5,4.3
408호,408호,7,-2,6,-3,-1,5,5,4.1
408호,408호,7,-2,6,-3,-1,5,5,4.1
408호,408호,10,-3,9,-2,1,6,5,5.1
408호,409호,10,8,13,13,6,6,-8,9.1
408호,408호,2,0,1,-2,-5,9,8,3.9
408호,408호,3,0,2,-1,1,8,7,3.1
408호,408호,2,-1,1,0,-7,8,7,3.7
408호,408호,2,0,1,0,8,7,0,12.9
408호,408호,5,-2,4,-3,-7,8,7,5.1
409호,408호,6,0,4,-1,-2,5,5,3.3
409호,409호,6,4,4,4,3,3,4,4
409호,409호,4,3,6,6,-1,-2,3,3.6
409호,410호,-2,-4,4,4,-4,-3,2,3.3
409호,409호,9,8,7,7,1,1,5,5.4
409호,409호,5,4,6,6,-1,-1,2,3.6
409호,409호,6,5,6,6,0,0,2,3.6
409호,409호,7,6,5,5,0,0,3,3.7
409호,410호,4,3,0,1,14,13,73,15.43
409호,409호,8,7,5,5,0,0,2,3.9
409호,409호,10,8,5,5,3,3,4,5.4
409호,409호,10,8,5,5,3,3,4,5.4
409호,409호,4,3,3,3,-1,0,7,3
409호,409호,1,0,8,8,4,4,1,3.7
409호,409호,1,0,8,8,-1,-1,4,3.3
409호,409호,2,0,6,6,3,2,2,3
409호,409호,2,0,6,6,3,2,2,3
409호,409호,0,-2,4,4,2,1,2,2.1
409호,409호,0,-1,7,7,4,4,2,3.6
409호,409호,3,-2,7,7,3,3,5,4.3
409호,409호,1,0,7,7,3,3,4,3.6
409호,409호,0,0,8,8,-1,-1,7,3.6
409호,409호,1,0,9,9,2,2,8,4.4
409호,409호,0,-1,6,6,1,1,5,2.9
409호,409호,0,-1,3,3,-1,-1,0,1.3
409호,409호,3,1,8,8,4,4,6,4.9
409호,409호,2,0,9,9,4,4,3,4.4
409호,409호,2,1,7,7,2,2,7,4
409호,409호,0,-1,4,4,2,2,5,2.6
410호,416호쪽 계단실,1,1,-8,1,-8,-9,-1,4.1
410호,411호,15,15,4,4,-18,-18,1,10.7
410호,416호쪽 계단실,3,3,-9,4,-6,-11,3,5.6
410호,411호쪽 계단실,-1,-2,-16,-16,-1,-1,-71,15.4
410호,411호쪽 계단실,0,-1,-16,-16,-3,-3,3,6
410호,411호,13,14,5,5,-19,-19,2,11
410호,411호쪽 계단실,-1,-2,-18,-18,-3,-4,4,7.1
410호,411호쪽 계단실,-4,-5,-14,-14,0,0,-7,6.3
410호,409호쪽 엘레베이터,-5,-5,5,5,-8,-8,7,6.1
410호,411호쪽 계단실,-2,-4,-14,-14,-1,-1,-4,5.7
410호,411호,7,7,4,4,-16,-16,-8,8.9
410호,411호쪽 계단실,-6,-4,-14,-14,-2,-2,-3,6.4
410호,416호쪽 계단실,5,5,-11,0,-1,-13,0,5
410호,411호쪽 계단실,-3,-3,-13,-13,-2,-2,-7,6.1
410호,416호쪽 계단실,4,4,-11,4,0,-11,3,5.3
410호,416호쪽 계단실,4,4,-11,4,0,-11,3,5.3
410호,411호쪽 계단실,1,0,-10,-10,-3,-3,-6,4.7
410호,410호,-3,-5,-1,-2,-4,-5,-5,3.6
410호,411호쪽 계단실,4,1,-4,-4,-2,-2,-3,2.9
410호,411호,10,10,1,1,-8,-8,-4,6
410호,416호쪽 계단실,-2,-2,-8,6,-8,-12,-3,5.9
410호,411호쪽 계단실,2,-1,-5,-5,-4,-4,-2,3.3
410호,416호쪽 계단실,2,2,-6,4,-3,-8,4,4.1
410호,416호쪽 계단실,3,3,-7,1,-2,-7,-1,3.4
411호,416호쪽 계단실,-5,5,-4,4,0,0,0,31.6
411호,411호,8,8,-1,-1,-3,-3,-12,5.1
411호,411호쪽 계단실,6,4,2,2,4,4,4,3.7
411호,411호,8,8,0,0,-1,-1,-7,3.6
411호,411호쪽 계단실,6,5,1,1,2,2,6,3.3
411호,411호쪽 계단실,5,1,2,2,4,3,7,3.4
411호,411호,13,12,4,3,0,-1,-10,6.1
411호,411호,10,9,7,7,-1,0,-10,6.3
411호,411호,15,15,5,4,0,1,-4,6.3
411호,411호쪽 계단실,4,2,1,1,2,2,7,2.7
411호,411호쪽 계단실,8,6,2,2,0,0,6,3.4
411호,411호쪽 계단실,8,6,2,2,0,0,6,3.4
411호,411호쪽 계단실,8,8,5,5,0,0,5,4.4
411호,411호쪽 계단실,8,8,5,5,0,0,5,4.4
411호,411호,14,14,7,9,2,1,-10,8.1
411호,411호,14,14,7,9,2,1,-10,8.1
411호,411호,14,14,7,9,2,1,-10,8.1
411호,411호,14,14,7,9,2,1,-10,8.1
411호,411호,14,14,7,9,2,1,-10,8.1
411호,411호,15,15,6,6,1,0,-3,6.6
411호,411호,13,14,6,7,3,2,-2,6.7
411호,411호,12,12,6,6,2,1,-11,7.1
411호,411호,14,14,6,6,2,2,-8,7.4
411호,411호,14,14,6,6,2,2,-8,7.4
411호,411호,14,14,6,6,2,2,-8,7.4
411호,411호,14,14,6,6,2,2,-8,7.4
411호,411호,14,14,6,6,2,2,-8,7.4
411호,411호,14,14,6,6,2,2,-8,7.4
411호,411호,14,14,6,6,2,2,-8,7.4
411호,411호,13,13,4,6,2,1,-11,7.1
411호쪽 계단실,410호,6,4,6,4,6,6,-2,4.9
411호쪽 계단실,416호쪽 계단실,1,1,-5,-3,2,-5,-1,2.6
411호쪽 계단실,416호쪽 계단실,1,1,-5,-3,2,-5,-1,2.6
411호쪽 계단실,411호,16,16,7,7,1,1,10,8.3
411호쪽 계단실,411호쪽 계단실,1,0,3,3,-8,-8,2,3.6
411호쪽 계단실,411호,16,16,7,6,1,1,6,7.6
411호쪽 계단실,411호,17,17,7,7,1,1,7,8.1
411호쪽 계단실,416호쪽 계단실,-2,-2,-1,-9,-5,-5,-2,3.7
411호쪽 계단실,416호쪽 계단실,-1,-1,-7,-1,-5,-9,-1,3.6
411호쪽 계단실,416호쪽 계단실,-2,-2,1,-1,-3,-7,-2,2.6
411호쪽 계단실,416호쪽 계단실,-1,-1,-3,-7,-4,-5,-1,3.1
411호쪽 계단실,411호,17,17,9,8,1,2,-74,18.3
411호쪽 계단실,416호쪽 계단실,1,1,-2,0,-2,-3,-1,1.4
411호쪽 계단실,416호쪽 계단실,0,0,-4,3,-1,-7,-1,2.3
411호쪽 계단실,411호,17,17,10,10,3,3,2,8.9
411호쪽 계단실,416호쪽 계단실,-5,-5,-12,0,-9,-13,-1,6.4
411호쪽 계단실,416호쪽 계단실,-3,-3,1,-1,-9,1,-1,2.7
411호쪽 계단실,411호쪽 계단실,6,4,7,7,-11,-11,1,6.7
412호,411호쪽 계단실,10,8,2,2,-12,-12,0,6.6
412호,412호,-2,-4,5,4,-8,-8,-5,5.1
412호,412호,-1,-3,2,2,-2,-2,-2,2
412호,412호,1,2,-6,-6,1,-2,-4,3.1
412호,412호,1,0,0,0,-2,-4,0,10.3
412호,412호,1,1,-2,-2,-3,-3,-2,2
412호,412호,4,4,0,0,3,7,-5,3.3
412호,412호,4,4,0,0,3,7,-5,3.3
412호,412호,-2,-3,-1,-1,-1,0,-5,1.9
412호,412호,-2,-3,-1,-1,-1,0,-5,1.9
412호,412호,0,0,0,0,-5,-5,-7,2.4
412호,412호,4,-1,0,0,-5,-4,-1,2.1
412호,412호,4,3,2,2,-2,-2,-6,3
412호,412호,-1,1,-4,-4,-2,1,-4,2.4
412호,412호,-3,-3,0,0,-2,-2,-2,1.7
412호,413호,-4,-4,-1,-1,3,3,1,2.4
412호,413호,-4,-4,3,3,-4,5,-3,3.7
412호,412호,20,18,18,5,4,-5,0,18.1
412호,413호,-3,-3,2,2,-3,7,-6,3.7
412호,415호,11,13,13,8,7,3,3,8.3
412호,413호,-1,-1,1,1,5,11,-7,3.9
412호,412호,0,0,7,7,-3,-3,-2,3.1
412호,412호,1,-1,2,3,-4,-5,-6,3.1
412호,412호,-1,-1,2,2,-3,-3,-5,2.4
412호,412호,1,0,7,7,-4,-4,-5,4
412호,412호,2,-1,3,3,-5,-5,-5,3.4
412호,412호,2,-1,3,3,-5,-5,-5,3.4
412호,412호,2,1,1,1,-1,-1,-6,1.9
412호,416호쪽 계단실,3,2,0,-17,-14,-4,-18,8.3
412호,412호,0,0,1,1,4,3,-4,1.9
412호,412호,5,1,0,0,-5,-5,-10,3.7
413호,412호,4,4,1,1,-4,-4,-7,3.6
413호,413호,-6,-7,2,2,-3,3,4,3.9
413호,413호,-4,-4,2,2,-6,4,5,3.9
413호,413호,-2,-2,0,0,-3,4,4,2.1
413호,413호,-2,-2,0,0,-3,-1,5,1.9
413호,413호,-2,-2,0,0,0,1,4,1.3
413호,413호,-2,-2,1,1,-3,2,4,2.1
413호,413호,-2,-2,2,2,-6,3,4,3
413호,413호,-2,-2,3,3,-3,4,4,3
413호,413호,-5,-5,1,1,0,2,1,2.1
413호,413호,-3,-3,4,4,-6,3,-3,3.7
413호,413호,-6,-6,5,5,-5,8,-2,5.3
413호,413호,-6,-6,-4,-4,-4,5,-2,4.4
413호,413호,-1,-1,4,4,-6,2,2,2.9
413호,413호,-1,-1,1,1,-1,-2,-2,1.3
413호,413호,2,2,-1,-1,-1,5,-4,2.3
413호,413호,0,1,-1,-1,-1,-1,-4,1.3
413호,413호,1,2,3,3,-2,0,-2,1.9
413호,413호,0,0,2,1,0,-2,-3,1.1
413호,413호,0,0,2,1,0,-2,-3,1.1
413호,413호,-1,-1,3,3,0,-1,-3,1.7
414호,413호,2,2,1,1,0,6,-3,2.1
414호,414호,-1,-1,-1,-2,3,3,0,1.8
414호,414호,-4,-3,0,0,1,0,0,1.3
414호,415호,2,-2,-2,-1,13,9,9,5.4
414호,415호,2,-3,-3,-1,8,8,0,12.3
414호,414호,-4,-4,0,-1,2,1,0,2
414호,414호,-3,-3,0,-1,1,0,0,1.3
414호,414호,-3,-3,-2,-3,2,1,0,2.3
414호,414호,-4,-4,1,-3,1,0,0,2.2
414호,414호,-5,-5,0,-1,2,0,0,2.2
414호,414호,-4,-4,1,0,1,-1,0,1.8
414호,414호,-4,-4,0,-1,3,1,0,2.2
414호,414호,-4,-4,-1,-1,2,0,0,2
414호,414호,-3,-3,-1,-1,-1,-3,0,2
415호,414호,-4,-4,-1,-4,1,0,0,2.3
415호,414호,16,16,-7,-6,4,2,0,8.5
415호,414호,15,15,-9,-11,5,4,0,9.8
415호,414호,15,15,-9,-10,4,3,0,9.3
415호,416호,14,4,3,-11,-13,0,0,17
415호,416호,14,1,1,-11,-13,0,0,16.2
415호,414호,17,18,-8,-9,2,1,0,9.2
415호,416호,13,13,-1,-1,-11,-12,0,8.5
415호,414호,17,17,-9,-10,-1,-3,0,9.5
415호,414호,16,16,-9,-10,-2,-4,0,9.5
415호,414호,16,16,-8,-9,0,-1,0,8.3
415호,414호,16,16,-9,-11,-2,-3,0,9.5
415호,414호,16,16,-9,-11,-2,-3,0,9.5
415호,414호,17,16,-8,-10,0,-2,0,8.8
415호,416호,13,14,-1,0,-12,-13,0,8.8
415호,416호,14,14,2,1,-11,-12,0,9
415호,416호,15,15,5,4,-11,-12,0,10.3
415호,416호,14,15,-1,0,-11,-12,0,8.8
415호,416호,14,14,1,1,-11,-12,0,8.8
415호,414호,17,17,-8,-9,2,1,0,9
415호,415호,19,19,19,13,9,9,0,21.3
415호,414호,17,17,-8,-10,4,2,0,9.7
415호,416호,14,14,2,1,-11,-12,0,9
415호,414호,16,16,-9,-9,-1,-1,0,8.7
415호,414호,17,17,-7,-9,2,1,0,8.8
415호,414호,14,14,-7,-8,5,6,0,9
415호,416호,14,14,1,1,-12,-13,0,9.2
415호,414호,17,17,-7,-8,2,0,0,8.5
415호,415호,25,18,18,21,12,9,0,23.4
415호,414호,17,17,-8,-9,1,0,0,8.7
415호,414호,16,16,-9,-10,-2,-2,0,9.2
415호,414호,16,16,-9,-10,-2,-2,0,9.2
415호,416호,14,14,1,2,-12,-12,0,9.2
415호,414호,14,14,-9,-10,7,4,0,9.7
415호,414호,14,14,-9,-10,1,1,0,8.2
416호쪽 계단실,414호,15,15,-9,-10,1,1,0,8.5
416호쪽 계단실,416호,5,6,1,1,-8,-9,0,5
416호쪽 계단실,416호,6,6,4,3,-1,-2,0,3.7
416호쪽 계단실,417호,11,11,1,-1,4,3,17,6.9
416호쪽 계단실,416호,-2,-2,1,1,-8,-9,0,3.8
416호쪽 계단실,416호,-1,-1,-1,-1,-9,-10,0,3.8
416호쪽 계단실,416호,-1,-1,-2,-1,-9,-10,0,4
416호쪽 계단실,416호,-2,-2,-2,-2,-8,-10,0,4.3
416호쪽 계단실,416호,0,0,-2,-3,-9,-10,0,4
416호쪽 계단실,416호,0,0,-4,-4,-9,-10,0,4.5
416호쪽 계단실,416호,-2,-2,0,0,-4,-6,0,2.3
416호쪽 계단실,416호,-1,-1,1,0,-9,-10,0,3.7
416호쪽 계단실,416호,0,0,-3,-3,-11,-11,0,4.7
416호쪽 계단실,416호,0,0,1,1,-10,-10,0,3.7
416호쪽 계단실,416호,-2,-2,-1,-1,-10,-11,0,4.5
416호쪽 계단실,416호,-1,-1,-1,-1,-9,-11,0,4
416호쪽 계단실,416호,-1,-1,-1,-2,-9,-11,0,4.2
416호쪽 계단실,416호,-2,-2,-2,-1,-10,-11,0,4.7
416호쪽 계단실,418호,16,16,0,8,13,13,12,11.1
416호쪽 계단실,416호,-1,-1,-3,-2,-10,-11,0,4.7
416호쪽 계단실,416호,-2,-2,-1,0,-11,-12,0,4.7
416호쪽 계단실,416호,-1,-1,0,-1,-10,-11,0,4
416호쪽 계단실,416호,-1,-1,-1,-1,-9,-10,0,3.8
416호쪽 계단실,416호,0,0,0,0,-10,-11,0,3.5
416호쪽 계단실,416호,-3,-3,-3,-3,-6,-6,0,4
416호쪽 계단실,416호,-3,-2,-6,-8,0,0,0,22.2
416호쪽 계단실,416호,-2,-2,-6,-6,-6,-7,0,4.8
416호쪽 계단실,416호,-1,-1,-2,-2,-10,-10,0,4.3
416호쪽 계단실,418호,18,18,2,18,11,11,0,19.1
416호쪽 계단실,416호,-2,-2,-3,-4,-12,-13,0,6
416호쪽 계단실,417호,12,8,-1,-2,7,5,0,5
416호쪽 계단실,416호,-2,-2,-4,-3,-11,-12,0,5.7
416호쪽 계단실,416호,-3,-3,-4,-3,-10,-11,0,5.7
416호쪽 계단실,416호,-1,-1,-2,-2,-10,-11,0,4.5
416호,417호,12,8,-1,-2,8,6,-1,5.4
416호,417호,7,5,-3,-4,-5,-6,12,6
416호,416호,0,0,-5,-5,-7,-9,0,4.3
416호,416호,-2,-2,-2,-2,-10,-11,0,4.8
416호,416호,-1,-1,1,1,-8,-9,0,3.5
416호,417호,4,1,1,0,3,1,13,3.3
416호,417호,3,1,3,2,2,1,-1,1.9
416호,417호,3,1,2,1,2,1,12,3.1
416호,417호,3,1,1,0,4,1,11,3
416호,418호,14,14,-7,6,10,10,10,10.1
416호,417호,3,1,3,2,3,2,12,3.7
416호,417호,4,2,5,4,-14,-1,-1,4.4
416호,416호,2,2,-1,-2,-7,-9,0,3.8
416호,417호,4,1,4,3,-4,0,0,2.3
416호,416호,1,1,-3,-2,-10,-11,0,4.7
416호,417호,4,2,4,3,4,3,12,4.6
416호,416호,-4,-3,-3,-3,-9,-10,0,5.3
416호,416호,-4,-3,-3,-3,-9,-10,0,5.3
416호,417호,3,2,-2,-2,2,3,13,3.9
416호,417호,3,2,-2,-2,2,3,13,3.9
416호,417호,5,2,2,1,0,0,0,1.4
416호,416호,-1,-1,-1,0,-6,-7,0,2.7
416호,416호,2,2,1,0,-6,-7,0,3
416호,416호,2,1,-2,-1,-7,-8,0,3.5
416호,417호,6,2,2,1,-2,-4,-5,3.1
416호,416호,0,0,-2,-2,-7,-7,0,3
416호,416호,0,-1,0,-1,-8,-9,0,3.2
416호,416호,-1,-1,-1,-2,-6,-7,0,3
417호,416호,0,0,-1,0,-7,-6,0,2.3
417호,416호,0,0,-1,0,-7,-6,0,2.3
417호,416호,5,5,-2,-4,-4,-5,0,4.2
417호,416호,7,7,-3,-4,0,-2,0,3.8
417호,416호,7,7,-2,-2,1,0,0,3.2
417호,416호,7,7,-3,-3,-3,-1,0,4
417호,416호,8,8,-7,-7,-3,-3,0,6
417호,416호,3,3,-4,-4,-2,-3,0,3.2
417호,416호,6,7,-5,-5,-1,-2,0,4.3
417호,416호,7,7,-9,-9,-3,-4,0,6.5
417호,416호,7,7,-5,-5,-1,-2,0,4.5
417호,416호,6,6,-6,-4,-6,-5,0,5.5
417호,416호,7,7,-4,-5,-3,-5,0,5.2
417호,416호,7,7,-5,-4,-2,-4,0,4.8
417호,416호,6,6,-1,0,-1,-2,0,2.7
417호,416호,7,7,-5,-5,0,-1,0,4.2
417호,416호,6,6,-4,-5,-2,-3,0,4.3
417호,416호,6,6,-5,-5,-1,-2,0,4.2
417호,416호,7,5,-2,-1,-2,-2,0,3.2
417호,417호,1,6,6,2,0,1,9,3.57
417호,417호,1,6,6,2,0,1,9,3.57
417호,416호쪽 계단실,3,3,4,4,0,5,7,3.71
417호,416호쪽 계단실,3,3,4,4,0,5,7,3.71
417호,416호,5,5,-4,-4,0,-1,0,3.2
418호,418호,15,15,0,3,9,10,0,15.4
418호,433호,2,2,8,10,1,1,1,3.57
418호,418호,6,7,3,3,1,1,1,3.14
418호,418호,7,8,4,4,2,2,2,4.14
418호,418호,8,9,5,5,3,3,3,5.14
418호,418호,6,7,3,3,1,1,1,3.14
418호,418호,7,8,4,4,2,2,2,4.14
418호,433호,3,3,7,6,3,4,4,4.29
418호,433호,3,3,7,6,3,4,4,4.29
418호,418호,8,9,5,5,3,3,3,5.14
418호,418호,-4,-4,1,1,-5,2,2,2.7
418호,418호쪽 엘레베이터,-1,-1,5,5,-4,-5,1,3.1
418호,418호쪽 엘레베이터,-1,-1,6,6,-7,-1,-2,3.4
418호,416호,7,7,-4,-4,3,4,0,4.8
418호,418호쪽 엘레베이터,-3,-3,3,3,-3,-2,2,2.7
418호,418호쪽 엘레베이터,0,0,5,5,-5,3,3,3
418호,418호쪽 엘레베이터,2,2,5,4,-8,-3,4,4
418호,418호쪽 엘레베이터,0,0,3,3,-4,-1,0,1.6
418호,418호쪽 엘레베이터,2,2,4,4,-4,-1,-1,2.6
418호,418호쪽 엘레베이터,-2,-2,3,3,-5,-1,3,2.7
418호,418호쪽 엘레베이터,1,1,3,3,-3,0,4,2.1
418호,418호쪽 엘레베이터,0,0,2,2,-5,-2,5,2.3
418호,418호쪽 엘레베이터,1,1,2,2,0,-2,4,1.7
418호,418호쪽 엘레베이터,-1,-1,3,3,-2,-1,3,2
418호,416호,6,6,0,1,2,1,0,2.7
418호,418호쪽 엘레베이터,-2,-2,4,4,-4,-7,-2,3.6
418호,418호쪽 엘레베이터,0,0,4,4,-8,-2,-2,2.9
418호,418호쪽 엘레베이터,1,1,2,2,-5,-1,-1,1.9
419호,418호쪽 엘레베이터,1,1,2,2,-4,-2,-1,1.9
419호,419호,2,1,-2,-2,8,3,3,3
419호,419호,9,3,-5,-5,6,5,4,5.3
419호,420호,11,-4,-4,8,1,4,5,5.3
419호,420호,0,-5,-5,7,1,3,2,3.3
419호,420호,2,-5,-5,6,1,1,1,3
419호,420호,0,-5,-5,7,0,1,1,2.7
419호,420호,-1,-5,-5,6,1,2,2,3.1
419호,419호,-3,3,-6,-7,6,3,2,4.3
419호,420호,0,-5,-5,6,2,2,2,3.1
419호,420호,0,-5,-5,7,1,3,3,3.4
419호,420호,12,-5,-5,8,1,3,4,5.4
419호,420호,11,-4,-4,7,2,3,3,4.9
419호,419호,0,4,-7,-7,3,3,2,3.7
419호,420호,-1,-5,-5,6,2,4,4,3.9
419호,420호,-1,-4,-4,6,2,3,3,3.3
419호,420호,-1,-5,-5,7,3,4,4,4.1
419호,420호,1,-5,-5,3,1,3,3,3
419호,420호,2,-5,-5,6,0,4,4,3.7
419호,420호,-2,-4,-4,3,2,3,3,3
420호,420호,14,-5,-5,6,0,3,3,5.1
420호,420호,4,15,15,7,7,0,0,6.9
420호,419호,4,10,15,15,19,-5,-6,10.6
420호,424호,17,17,15,18,10,0,22,14.1
420호,420호,6,17,17,10,8,-4,-4,9.4
420호,420호,18,19,19,9,7,-4,-4,11.4
420호,420호,16,18,18,13,6,-4,-4,11.3
420호,421호,6,1,7,5,9,14,-6,6.9
420호,421호,9,0,6,6,0,8,-4,4.7
420호,421호,5,4,7,7,8,5,-4,5.7
420호,420호,1,16,16,9,7,0,0,7
420호,421호,7,4,7,7,11,-3,0,14.3
420호,421호,7,1,6,7,8,12,-2,6.1
420호,421호,6,-2,6,7,11,-3,0,14
420호,421호,6,-1,6,7,8,9,-3,5.7
420호,420호,4,20,20,10,6,0,0,8.6
420호,420호,4,20,20,10,6,0,0,8.6
420호,420호,5,21,22,9,6,0,0,9
420호,419호,15,8,20,20,24,1,0,12.6
420호,420호,5,20,20,6,7,0,0,8.3
421호,421호,5,1,4,7,14,9,-3,6.1
421호,421호,-2,-7,3,3,2,-3,4,3.4
421호,423호,5,7,4,7,7,7,5,6
421호,421호,-3,-4,0,2,3,0,3,2.1
421호,423호,6,8,4,5,9,9,4,6.4
421호,421호,-4,-4,-1,-1,1,-5,-2,2.6
421호,421호,-3,-6,0,-3,2,0,-1,2.1
421호,421호,-3,-2,-1,-1,3,1,-4,2.1
421호,421호,-3,-2,-1,-1,3,1,-4,2.1
421호,421호,-1,-5,0,-2,1,-19,-3,4.4
421호,421호,0,-4,1,-2,2,-21,-1,4.4
421호,421호,-1,-4,3,-2,2,0,-1,1.9
421호,421호,-1,-3,0,-3,2,-6,-1,2.3
421호,423호,7,8,4,6,4,4,4,5.3
421호,421호,-1,-1,2,0,5,2,1,1.7
421호,421호,0,0,0,-1,4,-1,0,9.9
421호,421호,-1,-1,1,0,5,2,-2,1.7
421호,421호,0,-2,0,0,6,-3,3,2
421호,421호,-1,1,0,1,5,-1,1,1.4
421호,421호,0,-3,-1,4,6,3,-2,2.7
421호,423호,8,5,9,7,8,8,5,7.1
422호,421호,-9,8,-8,-4,-4,-4,0,5.3
422호,423호,1,0,-3,3,0,0,2,1.3
422호,424호,10,10,6,14,-3,-13,4,8.6
422호,422호,5,-1,-2,-2,-4,-3,-2,2.7
422호,422호,6,-2,-2,-2,0,-3,-3,2.6
422호,423호,5,0,-2,-5,1,1,-6,2.9
422호,421호,-6,3,-9,-7,-5,-14,3,6.7
422호,422호,5,-2,-3,-3,-2,-1,-4,2.9
422호,422호,3,-2,-3,-3,-4,-4,-3,3.1
422호,422호,5,-2,-2,-2,-6,-5,-3,3.6
422호,422호,4,1,-2,-2,-3,-3,-4,2.7
422호,422호,6,-2,-3,-3,-2,0,-4,2.9
422호,422호,5,-1,-1,-2,-2,0,-4,2.1
422호,422호,4,-2,-1,-1,-3,-2,-4,2.4
422호,422호,4,-2,-2,-2,-2,-2,-4,2.6
422호,422호,5,-2,-3,-3,-4,-4,-4,3.6
422호,422호,5,-2,-3,-3,-4,-3,-4,3.4
422호,422호,6,-2,-2,-2,-5,-2,-4,3.3
422호,424호,11,11,12,13,-2,-11,10,10
422호,422호,3,-2,-2,-2,-1,-8,-5,3.3
423호,422호,5,-1,-3,-3,-9,-4,-4,4.1
423호,423호,9,10,5,12,6,6,10,8.3
423호,423호,10,8,5,6,4,4,3,5.7
423호,423호,10,8,5,11,5,5,8,7.4
423호,421호,1,9,1,0,-3,5,12,4.4
423호,425호,12,3,1,1,8,1,8,4.9
423호,425호,22,9,4,4,6,0,6,7.3
423호,425호,14,6,1,1,10,5,10,6.7
423호,423호,9,9,6,7,4,4,4,6.1
423호,423호,8,7,5,7,7,7,4,6.4
423호,423호,9,8,5,13,6,6,10,8.1
423호,423호,8,8,5,6,5,5,4,5.9
423호,425호,16,13,2,2,7,1,7,6.9
423호,425호,18,11,1,1,7,0,7,6.4
423호,421호,0,11,0,-1,1,5,13,4.4
423호,423호,10,9,4,6,6,6,3,6.3
423호,421호,0,12,2,0,-1,5,13,4.7
423호,423호,9,9,7,7,4,4,4,6.3
423호,421호,3,12,1,0,-1,-1,14,4.6
423호,421호,0,9,1,1,-1,1,14,3.9
424호,421호,1,9,1,1,-1,-1,13,3.9
424호,425호,18,3,-4,-3,6,6,0,14.9
424호,425호,12,6,-4,-4,8,-10,8,7.4
424호,424호,0,0,-4,-4,-1,0,11,2.9
424호,424호,0,0,-3,-3,-2,-1,12,3
424호,424호,1,1,-7,-5,1,-4,-65,12
424호,425호,15,13,-3,-3,4,-6,4,6.9
424호,424호,0,0,-4,-2,0,-4,-65,10.7
424호,421호,3,18,7,4,0,12,15,8.4
424호,4층 아르테크네,19,19,25,19,22,13,13,18.6
424호,424호,-2,-2,-6,-5,1,-2,6,3.4
424호,424호,-2,-2,-6,-9,0,-3,15,5.3
424호,424호,-2,-2,-6,-5,-1,-3,3,3.1
424호,425호,8,1,-7,-7,4,-8,4,5.6
424호,424호,3,3,-5,-5,3,0,15,4.9
424호,424호,2,2,-5,-4,-1,-6,9,4.1
424호,424호,3,3,-3,-5,-3,2,13,4.6
424호,424호,1,1,-7,-7,6,-6,14,6
424호,425호,14,3,-3,-3,3,-9,3,5.4
424호,424호,1,1,-7,-8,-1,-3,7,4
425호,424호,2,2,-6,-6,-1,-1,13,4.4
425호,425호,4,1,0,1,6,3,6,3
425호,425호,2,0,1,1,3,4,3,2
425호,아르테크네쪽 엘레베이터,16,17,9,8,15,5,5,10.7
425호,아르테크네쪽 엘레베이터,14,14,11,11,9,7,6,10.3
425호,425호,5,5,1,1,4,3,4,3.3
425호,아르테크네쪽 엘레베이터,12,12,12,12,9,4,4,9.3
425호,425호,9,-1,0,0,-2,2,-1,2.1
425호,425호,2,3,0,0,-1,5,-1,1.7
425호,아르테크네쪽 엘레베이터,16,16,10,11,9,2,2,9.4
425호,425호,9,3,2,2,3,6,2,3.9
425호,425호,5,8,-1,0,-4,9,-4,4.4
425호,425호,2,5,-1,-1,-2,4,-2,2.4
425호,425호,6,2,-2,-1,2,8,2,3.3
425호,아르테크네쪽 엘레베이터,13,13,9,9,8,1,1,7.7
425호,425호,3,3,0,0,1,7,1,2.1
425호,425호,6,0,0,0,4,8,4,3.1
425호,425호,7,2,0,0,0,9,0,2.6
4층 아르테크네,425호,10,5,-1,-1,2,4,2,3.6
4층 아르테크네,아르테크네쪽 엘레베이터,2,2,2,2,-4,-3,-3,2.6
4층 아르테크네,4층 아르테크네,0,-1,8,-5,6,0,0,2.9
4층 아르테크네,4층 아르테크네,-2,-2,6,-3,5,1,1,2.9
4층 아르테크네,4층 아르테크네,14,14,19,49,17,6,6,17.9
4층 아르테크네,4층 아르테크네,-2,-2,11,6,9,1,1,4.6
4층 아르테크네,4층 아르테크네,2,2,7,3,6,-1,-1,3.1
4층 아르테크네,4층 아르테크네,0,0,8,3,8,-1,-1,3
4층 아르테크네,4층 아르테크네,-2,-3,9,1,6,-1,-1,3.3
4층 아르테크네,4층 아르테크네,-1,-1,8,10,4,1,1,3.7
4층 아르테크네,4층 아르테크네,-1,-1,8,10,4,1,1,3.7
4층 아르테크네,4층 아르테크네,0,0,6,6,7,-1,-1,3
4층 아르테크네,424호,3,3,0,6,4,6,0,3.1
4층 아르테크네,4층 아르테크네,2,2,8,11,6,4,4,5.3
4층 아르테크네,4층 아르테크네,2,2,9,2,7,-2,-2,3.7
4층 아르테크네,4층 아르테크네,2,2,8,4,7,-4,-4,4.4
4층 아르테크네,4층 아르테크네,6,6,12,11,9,8,8,8.6
4층 아르테크네,4층 아르테크네,-1,-1,1,9,1,2,2,2.4
4층 아르테크네,4층 아르테크네,8,8,16,49,16,3,2,14.6
4층 아르테크네,4층 아르테크네,14,14,11,49,10,1,1,14.3
4층 아르테크네,4층 아르테크네,1,1,1,49,1,2,2,8.14
4층 아르테크네,4층 아르테크네,48,4,7,49,5,6,3,17.43
4층 아르테크네,아르테크네쪽 엘레베이터,13,13,4,4,17,17,4,10.29
4층 아르테크네,아르테크네쪽 엘레베이터,13,13,4,4,17,17,4,10.29
4층 아르테크네,426호,3,-1,-1,6,6,3,11,4.4
4층 아르테크네,4층 아르테크네,0,0,8,5,6,-3,-3,3.6
4층 아르테크네,4층 아르테크네,14,14,49,49,51,8,8,27.57
4층 아르테크네,4층 아르테크네,14,14,49,49,51,8,8,27.57
4층 아르테크네,아르테크네쪽 엘레베이터,12,7,2,62,2,6,5,13.71
4층 아르테크네,4층 아르테크네,2,2,7,49,5,2,0,9.57
4층 아르테크네,4층 아르테크네,8,8,15,49,13,6,9,15.43
4층 아르테크네,4층 아르테크네,12,11,10,49,8,4,4,14.0
4층 아르테크네,4층 아르테크네,2,2,7,49,5,2,0,9.57
4층 아르테크네,4층 아르테크네,8,8,15,49,13,6,9,15.43
4층 아르테크네,4층 아르테크네,12,11,10,49,8,4,4,14.0
4층 아르테크네,4층 아르테크네,2,2,7,49,5,2,0,9.57
4층 아르테크네,4층 아르테크네,8,8,15,49,13,6,9,15.43
4층 아르테크네,4층 아르테크네,12,11,10,49,8,4,4,14.0
4층 아르테크네,아르테크네쪽 엘레베이터,6,5,8,8,5,73,7,16.0
4층 아르테크네,아르테크네쪽 엘레베이터,6,5,8,8,5,73,7,16.0
4층 아르테크네,아르테크네쪽 엘레베이터,6,5,8,8,5,73,7,16.0
4층 아르테크네,아르테크네쪽 엘레베이터,6,5,8,8,5,73,7,16.0
4층 아르테크네,아르테크네쪽 엘레베이터,14,6,7,7,2,4,14,7.71
4층 아르테크네,아르테크네쪽 엘레베이터,7,7,10,10,3,3,11,7.29
4층 아르테크네,아르테크네쪽 엘레베이터,14,6,7,7,2,4,14,7.71
4층 아르테크네,아르테크네쪽 엘레베이터,7,7,10,10,3,3,11,7.29
4층 아르테크네,4층 아르테크네,9,9,16,49,13,2,7,15.0
4층 아르테크네,4층 아르테크네,9,9,16,49,13,2,7,15.0
아르테크네쪽 엘레베이터,4층 아르테크네,0,0,8,-2,7,-5,-5,3.9
아르테크네쪽 엘레베이터,아르테크네쪽 엘레베이터,9,6,4,5,11,10,11,8.0
아르테크네쪽 엘레베이터,아르테크네쪽 엘레베이터,13,13,1,1,7,7,0,6.0
아르테크네쪽 엘레베이터,아르테크네쪽 엘레베이터,1,1,-3,-2,10,-9,-9,5
아르테크네쪽 엘레베이터,아르테크네쪽 엘레베이터,0,0,-4,-4,5,-10,-10,4.7
아르테크네쪽 엘레베이터,아르테크네쪽 엘레베이터,1,1,-3,-3,7,-10,-10,5
아르테크네쪽 엘레베이터,아르테크네쪽 엘레베이터,2,2,1,2,9,-7,-7,4.3
아르테크네쪽 엘레베이터,아르테크네쪽 엘레베이터,1,1,0,0,8,-8,-8,3.7
아르테크네쪽 엘레베이터,아르테크네쪽 엘레베이터,1,1,-3,-3,3,-10,-10,4.4
아르테크네쪽 엘레베이터,아르테크네쪽 엘레베이터,0,-1,-1,-2,0,-9,-9,3.1
아르테크네쪽 엘레베이터,아르테크네쪽 엘레베이터,1,1,-2,-3,4,-4,-4,2.7
아르테크네쪽 엘레베이터,아르테크네쪽 엘레베이터,1,1,-1,-2,6,-6,-6,3.3
아르테크네쪽 엘레베이터,아르테크네쪽 엘레베이터,1,1,-1,-2,6,-6,-6,3.3
아르테크네쪽 엘레베이터,아르테크네쪽 엘레베이터,5,5,3,62,4,3,67,21.3
아르테크네쪽 엘레베이터,아르테크네쪽 엘레베이터,4,5,6,6,3,4,3,4.4
아르테크네쪽 엘레베이터,아르테크네쪽 엘레베이터,0,1,5,5,1,1,10,3.29
아르테크네쪽 엘레베이터,아르테크네쪽 엘레베이터,5,6,8,8,5,6,67,15.0
아르테크네쪽 엘레베이터,아르테크네쪽 엘레베이터,5,6,8,8,5,6,67,15.0
아르테크네쪽 엘레베이터,아르테크네쪽 엘레베이터,8,5,4,5,6,6,5,5.57
아르테크네쪽 엘레베이터,아르테크네쪽 엘레베이터,8,5,4,5,6,6,5,5.57
아르테크네쪽 엘레베이터,아르테크네쪽 엘레베이터,4,5,6,6,3,4,3,4.4
아르테크네쪽 엘레베이터,아르테크네쪽 엘레베이터,5,3,0,0,3,3,6,2.9
아르테크네쪽 엘레베이터,아르테크네쪽 엘레베이터,2,2,-1,-3,4,-8,-8,4
아르테크네쪽 엘레베이터,아르테크네쪽 엘레베이터,4,4,-2,-2,1,-8,-8,4.1
아르테크네쪽 엘레베이터,4층 아르테크네,6,6,11,8,8,-2,-2,6.1
아르테크네쪽 엘레베이터,아르테크네쪽 엘레베이터,0,0,-2,1,-1,-9,-9,3.1
아르테크네쪽 엘레베이터,아르테크네쪽 엘레베이터,3,3,-4,-2,-1,-9,-9,4.4
아르테크네쪽 엘레베이터,4층 아르테크네,4,3,9,4,6,-1,-1,4
아르테크네쪽 엘레베이터,4층 아르테크네,2,2,9,10,8,-2,-2,5
아르테크네쪽 엘레베이터,4층 아르테크네,0,1,13,7,14,-1,-1,5.3
아르테크네쪽 엘레베이터,4층 아르테크네,0,1,13,7,14,-1,-1,5.3
아르테크네쪽 엘레베이터,아르테크네쪽 엘레베이터,-2,-2,-5,-4,-1,-13,-13,5.7
아르테크네쪽 엘레베이터,아르테크네쪽 엘레베이터,-1,0,1,5,-1,-14,-14,5.1
아르테크네쪽 엘레베이터,아르테크네쪽 엘레베이터,-1,0,1,5,-1,-14,-14,5.1
아르테크네쪽 엘레베이터,아르테크네쪽 엘레베이터,1,1,-1,-1,3,-10,-10,3.9
아르테크네쪽 엘레베이터,아르테크네쪽 엘레베이터,4,4,-1,-2,4,-11,-10,5.1
아르테크네쪽 엘레베이터,아르테크네쪽 엘레베이터,2,2,0,-1,4,-10,-11,4.3
아르테크네쪽 엘레베이터,아르테크네쪽 엘레베이터,2,2,0,-1,4,-10,-11,4.3
아르테크네쪽 엘레베이터,4층 아르테크네,9,9,20,49,14,2,2,15.0
아르테크네쪽 엘레베이터,4층 아르테크네,11,11,20,49,21,4,4,17.1
아르테크네쪽 엘레베이터,4층 아르테크네,5,5,11,49,5,8,8,13.0
426호,4층 아르테크네,7,7,17,3,15,-7,-7,9
426호,아르테크네쪽 엘레베이터,8,8,1,5,-8,4,4,5.4
426호,아르테크네쪽 엘레베이터,1,1,3,6,-9,1,1,3.1
426호,427호,2,1,1,11,2,13,3,4.71
426호,426호,8,9,8,11,68,5,6,16.43
426호,427호,5,1,1,4,0,6,9,3.71
426호,427호,5,1,1,4,0,6,9,3.71
426호,427호,5,1,1,4,0,6,9,3.71
426호,427호,5,1,1,4,0,6,9,3.71
426호,426호,8,9,8,11,68,5,6,16.43
426호,426호,8,9,8,11,68,5,6,16.43
426호,426호,-5,0,-1,-2,0,1,-4,1.9
426호,아르테크네쪽 엘레베이터,-1,-1,-3,-3,-15,-1,-1,3.6
426호,426호,-7,-4,-4,-1,-3,0,-3,3.1
426호,426호,-8,-5,-5,1,0,1,-5,3.6
426호,아르테크네쪽 엘레베이터,2,2,4,6,-11,2,2,4.1
426호,아르테크네쪽 엘레베이터,2,2,4,6,-11,2,2,4.1
426호,아르테크네쪽 엘레베이터,1,1,9,8,-12,2,2,5
426호,426호,-8,0,0,-4,-3,-2,0,2.4
426호,아르테크네쪽 엘레베이터,0,1,-2,-2,-13,6,6,4.3
426호,아르테크네쪽 엘레베이터,2,2,-1,-2,-12,0,0,2.7
426호,426호,-5,2,2,-8,-7,-2,-1,3.9
426호,아르테크네쪽 엘레베이터,7,7,-3,-1,-9,2,2,4.4
426호,아르테크네쪽 엘레베이터,2,2,-2,-2,-11,-2,-1,3.1
426호,아르테크네쪽 엘레베이터,7,7,-6,-1,-8,1,1,4.4
426호,아르테크네쪽 엘레베이터,-2,-2,0,1,-12,-1,-1,2.7
426호,아르테크네쪽 엘레베이터,1,1,0,-3,-12,1,1,2.7
426호,아르테크네쪽 엘레베이터,0,0,0,0,-12,1,1,2
427호,426호,-6,2,2,-4,-5,6,-2,3.9
427호,428호,2,5,6,-2,-2,7,2,3.7
427호,428호,5,7,7,0,1,8,-3,4.4
427호,426호,5,-2,-2,5,4,2,-7,3.9
427호,426호,6,-2,-2,9,8,9,-8,6.3
427호,428호,1,5,4,1,1,6,4,3.1
427호,427호,5,23,6,1,3,0,9,6.7
427호,428호,3,7,6,-1,-1,6,-4,4
427호,428호,1,6,6,1,1,7,5,3.9
427호,428호,0,6,6,1,1,8,8,4.3
427호,428호,0,6,7,-1,-1,8,-2,3.6
427호,428호,4,13,14,-1,-1,8,-1,6
427호,426호,7,-2,-2,5,6,1,-10,4.7
427호,426호,4,-3,-3,10,10,1,-8,5.6
427호,428호,2,7,5,1,0,1,8,3.4
428호,428호,2,6,5,1,1,8,-2,3.6
428호,429호,7,7,-1,-1,4,2,0,3.7
428호,429호,5,5,-9,-9,4,4,0,6
428호,429호,5,4,-8,-8,2,2,0,4.8
428호,429호,5,4,-8,-8,2,2,0,4.8
428호,428호,7,10,10,6,6,-2,-3,6.3
428호,429호,5,5,-7,-8,3,2,0,5
428호,429호,4,4,-7,-7,3,1,0,4.3
428호,429호,6,6,-7,-7,3,2,0,5.2
428호,429호,5,5,-7,-7,2,0,0,4.3
428호,429호,4,4,-6,-6,2,0,0,3.7
428호,429호,5,5,-8,-8,0,0,0,4.3
428호,429호,6,5,-7,-7,1,1,0,4.5
428호,429호,7,8,-6,-7,1,0,0,4.8
428호,429호,8,8,-6,-7,2,1,0,5.3
429호,429호,8,8,-6,-7,4,0,0,5.5
429호,429호,4,5,-2,-3,-4,-3,0,3.5
429호,429호,6,6,-6,-6,2,1,0,4.5
429호,429호,3,3,-3,-4,4,2,0,3.2
429호,429호,4,4,-2,-2,3,3,0,3
429호,429호,3,3,-2,-2,3,2,0,2.5
429호,429호,3,2,1,1,4,2,0,2.2
429호,429호,3,3,-4,-5,0,0,0,2.5
429호,429호,4,4,-4,-3,1,0,0,2.7
429호,429호,2,2,-3,-3,2,2,0,2.3
429호,429호,2,2,-3,-3,2,2,0,2.3
429호,429호,4,4,-2,-2,1,0,0,2.2
429호,429호,0,0,-3,-3,1,-1,0,1.3
429호,429호,0,0,-5,-4,1,1,0,1.8
429호,429호,1,1,-3,-2,1,-1,0,1.5
429호,429호,1,1,-6,-6,1,0,0,2.5
430호,429호,1,1,-4,-4,0,-1,0,1.8
430호,429호,9,10,-1,-6,2,2,0,5
430호,429호,6,6,-1,-3,1,-5,0,3.7
430호,429호,5,5,-1,-1,1,0,0,2.2
430호,429호,6,6,-5,-5,1,1,0,4
430호,429호,9,9,-3,-2,1,1,0,4.2
430호,429호,7,7,-1,-2,1,0,0,3
430호,429호,9,9,-6,-4,1,1,0,5
430호,429호,5,5,-2,-2,2,1,0,2.8
430호,431호,10,8,12,0,13,13,1,8.1
430호,431호,10,10,10,1,5,10,2,6.9
430호,429호,5,5,-3,-4,2,1,0,3.3
430호,429호,5,5,-3,-4,0,-1,0,3
430호,429호,5,5,-6,-6,3,-1,0,4.3
430호,429호,5,5,-3,-3,-2,-2,0,3.3
430호,429호,6,6,-6,-6,0,0,0,4
430호,431호,16,7,6,0,8,7,2,6.6
430호,429호,5,5,-5,-6,2,0,0,3.8
430호,429호,6,6,-1,-1,1,0,0,2.5
430호,429호,5,5,-2,-2,3,1,0,3
430호,429호,5,5,-3,-3,2,1,0,3.2
431호,431호,6,5,7,-1,5,7,-1,4.6
431호,430호,1,0,14,7,-1,9,2,4.9
431호,431호,7,5,9,-9,0,0,-1,4.4
431호,431호,3,1,13,-9,1,1,-2,4.3
431호,431호,-1,-4,14,-8,1,0,-1,4.1
431호,431호,-5,-4,14,-8,-1,-1,-1,4.9
431호,430호,-5,-7,3,2,0,6,0,3.3
431호,430호,-4,-8,5,2,1,6,-1,3.9
431호,431호,0,-5,10,-7,-1,1,0,3.4
431호,430호,-6,-5,2,2,-1,12,2,4.3
431호,430호,-3,-6,3,4,0,13,3,4.6
431호,431호,0,-2,15,-7,4,4,-3,5
431호,431호,-1,-1,6,-7,4,5,-1,3.6
431호,431호,-1,-3,5,-7,5,5,-2,4
431호,431호,-1,-2,15,-7,4,4,-2,5
431호,430호,-2,-1,6,6,0,13,3,4.4
431호,431호,4,2,7,-6,-1,-3,-3,3.7
432호,431호,-6,-5,7,0,4,3,-2,3.9
432호,431호,-6,-5,7,0,4,3,-2,3.9
432호,432호,0,0,8,8,3,3,6,4
432호,432호,4,2,5,6,2,2,1,3.1
432호,432호,7,8,4,4,3,3,7,5.1
432호,432호,7,9,4,4,4,4,5,5.3
432호,432호,6,5,4,4,4,5,5,4.7
432호,432호,6,5,4,4,4,4,5,4.6
432호,432호,9,6,6,6,3,3,4,5.3
432호,432호,5,5,6,6,4,4,4,4.9
432호,434호,12,12,7,6,2,4,4,6.7
432호,432호,6,5,5,5,4,4,5,4.9
432호,432호,8,5,4,4,3,3,4,4.4
432호,432호,4,6,4,4,3,3,5,4.1
432호,432호,9,4,9,9,2,2,5,5.7
432호,432호,7,5,5,6,2,2,4,4.4
432호,432호,6,5,5,5,2,2,4,4.1
432호,432호,6,5,6,6,2,2,3,4.3
432호,432호,6,5,9,9,2,2,5,5.4
432호,432호,6,4,5,5,2,2,4,4
432호,432호,6,5,5,5,2,2,4,4.1
432호,432호,6,5,6,6,2,2,4,4.4
432호,432호,6,4,6,6,2,2,4,4.3
432호,432호,5,4,6,6,2,2,3,4
432호,432호,4,4,6,6,2,2,4,4
432호,432호,7,4,6,6,1,1,3,4
432호,434호,11,12,9,8,7,2,2,7.3
432호,432호,5,4,6,6,1,1,3,3.7
432호,432호,4,4,5,5,2,2,3,3.6
433호,431호,8,5,20,13,17,16,14,13.3
433호,432호,4,3,-6,-6,2,2,-4,3.9
433호,433호,1,0,-6,-7,4,3,0,3.5
433호,434호,7,8,-1,-2,1,3,3,3.6
433호,432호,5,3,-4,-4,3,3,-4,3.7
433호,434호,7,7,-1,-2,0,3,3,3.3
433호,434호,7,6,-1,-2,0,3,3,3.1
433호,434호,9,7,-3,-4,-2,3,3,4.4
433호,434호,7,7,-3,-4,-1,2,2,3.7
433호,432호,8,3,-5,-5,2,3,-2,4
433호,432호,8,3,-4,-4,3,3,-3,4
433호,432호,6,6,-4,-4,1,2,-3,3.7
433호,434호,7,6,-1,-2,-1,1,2,2.9
433호,432호,7,7,-7,-7,1,1,-3,4.7
433호,434호,7,6,-3,-4,-1,2,2,3.6
433호,432호,6,6,-5,-5,1,1,0,3.4
433호,434호,7,7,-2,-3,0,1,1,3
433호,432호,5,6,-8,-8,2,2,-2,4.7
433호,432호,10,7,-5,-5,2,2,-3,4.9
434호,434호,7,6,-3,-4,0,2,2,3.4
434호,435호,3,6,1,1,3,-2,-2,2.6
434호,435호,3,6,1,1,3,-2,-2,2.6
434호,435호,0,4,5,5,0,-3,-3,2.9
434호,435호,0,4,5,5,0,-3,-3,2.9
434호,435호,0,4,5,5,0,-3,-3,2.9
434호,435호,-2,4,5,5,-3,-2,-2,3.3
434호,435호,0,3,5,5,0,-2,-2,2.4
434호,435호,3,4,3,3,-1,-3,-3,2.9
434호,435호,3,4,2,2,2,-3,-3,2.7
434호,435호,3,4,2,2,2,-3,-3,2.7
434호,435호,-1,4,4,3,-3,-4,-4,3.3
434호,435호,-2,4,3,2,-1,-2,-2,2.3
434호,435호,-3,5,3,3,2,-1,-1,2.6
434호,435호,-1,4,2,2,-1,-1,-1,1.7
434호,435호,-1,5,1,1,-2,-1,-1,1.7
434호,435호,-2,4,3,2,-2,3,3,2.7
434호,435호,3,4,1,0,-1,0,0,1.3
434호,435호,3,4,1,1,-1,-2,-2,2
435호,435호,2,5,2,2,0,-1,-1,1.9
435호,435호,6,13,1,1,-6,4,4,5
435호,435호,3,8,2,2,-2,3,3,3.3
435호,435호,5,10,2,2,-3,4,4,4.3
435호,435호,4,8,1,1,-3,4,4,3.6
435호,435호,4,8,2,2,-1,5,5,3.9
435호,435호,25,24,0,0,11,11,5,10.86
435호,435호,25,24,0,0,11,11,5,10.86
435호,435호,25,24,0,0,11,11,5,10.86
435호,435호,16,16,2,1,1,1,5,6.0
435호,435호,16,16,2,1,1,1,5,6.0
435호,435호,16,16,2,1,1,1,5,6.0
435호,435호,4,9,3,3,-3,5,5,4.6
435호,435호,3,9,2,2,-3,4,4,3.9
435호,435호,4,9,2,2,-1,4,4,3.7
435호,401호,29,30,2,20,19,8,8,16.57
435호,435호,26,25,0,1,13,13,0,11.14
435호,435호,26,25,0,1,13,13,0,11.14
435호,435호,26,25,0,1,13,13,0,11.14
435호,435호,3,9,3,3,-3,6,5,4.6
435호,401쪽 계단실,-3,-7,-7,6,6,5,2,5.1
435호,401쪽 계단실,-3,-6,-6,7,8,5,1,5.1
435호,401쪽 계단실,-4,-5,-6,5,5,3,3,4.4
435호,435호,4,9,3,3,-3,6,7,5
435호,435호,4,11,3,3,-1,4,4,4.3
435호,401쪽 계단실,-4,-7,-6,7,6,3,1,4.9
435호,435호,6,12,4,4,-1,5,5,5.3
435호,435호,6,10,5,5,-3,2,2,4.7
435호,401쪽 계단실,-3,-5,-7,7,7,5,1,5
435호,401쪽 계단실,-3,-5,-7,12,11,2,-1,5.9
435호,401쪽 계단실,-4,-3,-7,7,7,7,-1,5.1
435호,435호,4,10,5,5,-3,5,5,5.3
401호쪽 계단실,435호,6,12,5,5,-3,2,2,5
401호쪽 계단실,401쪽 계단실,4,6,7,4,4,-1,6,4.6
401호쪽 계단실,401쪽 계단실,3,8,5,-2,-2,1,0,3
401호쪽 계단실,401쪽 계단실,0,2,3,-1,-2,1,-2,1.6
401호쪽 계단실,401쪽 계단실,0,3,3,-1,0,-2,-2,1.6
401호쪽 계단실,401쪽 계단실,0,1,1,1,0,0,-1,0.6
401호쪽 계단실,435호,8,18,3,3,9,3,3,6.7
401호쪽 계단실,401쪽 계단실,0,6,5,2,1,3,-3,2.9
401호쪽 계단실,401쪽 계단실,1,6,7,2,2,5,-4,3.9
401호쪽 계단실,401쪽 계단실,0,7,7,2,2,3,-3,3.4
401호쪽 계단실,401쪽 계단실,0,9,6,2,1,3,-3,3.4
401호쪽 계단실,401쪽 계단실,9,6,6,2,2,1,-4,4.3
401호쪽 계단실,401쪽 계단실,7,12,14,2,2,4,0,5.9
401호쪽 계단실,402호,12,12,1,1,-9,13,13,8.7
401호쪽 계단실,401쪽 계단실,0,11,10,-2,-2,4,1,4.3
401호쪽 계단실,401쪽 계단실,-1,10,10,-2,-2,5,1,4.4
401호쪽 계단실,401쪽 계단실,8,9,6,-1,-1,4,1,4.3
401호쪽 계단실,401쪽 계단실,8,9,6,-1,-1,4,1,4.3
401호쪽 계단실,401쪽 계단실,-1,6,6,-1,-1,3,0,2.6
401호쪽 계단실,401쪽 계단실,8,10,9,0,0,4,-1,4.6
401호쪽 계단실,401쪽 계단실,8,1,10,1,1,4,-1,3.7
401호쪽 계단실,401쪽 계단실,8,1,10,1,1,4,-1,3.7
401호쪽 계단실,401쪽 계단실,1,11,10,1,1,3,6,4.7
401호쪽 계단실,401쪽 계단실,1,11,10,1,1,3,6,4.7
409호쪽 엘레베이터,401쪽 계단실,-1,6,6,1,1,3,-1,2.7
409호쪽 엘레베이터,409호쪽 엘레베이터,0,0,2,3,-76,0,0,29.3
409호쪽 엘레베이터,405호,35,26,27,12,12,-69,0,34
409호쪽 엘레베이터,411호쪽 계단실,22,21,-4,-4,8,8,-71,19.7
409호쪽 엘레베이터,411호쪽 계단실,22,21,-4,-4,8,8,-71,19.7
409호쪽 엘레베이터,409호,17,17,10,10,-2,-2,10,9.7
409호쪽 엘레베이터,409호쪽 엘레베이터,3,3,3,3,1,0,1,2
409호쪽 엘레베이터,409호,13,12,12,12,-1,-2,4,8
409호쪽 엘레베이터,409호쪽 엘레베이터,4,4,2,2,2,2,11,3.9
409호쪽 엘레베이터,409호,20,19,12,12,-3,-3,9,11.1
409호쪽 엘레베이터,409호,17,12,12,-4,-4,7,0,16.4
409호쪽 엘레베이터,409호,17,12,12,-4,-4,7,0,16.4
409호쪽 엘레베이터,409호,17,12,12,-4,-4,7,0,16.4
409호쪽 엘레베이터,409호,17,12,12,-4,-4,7,0,16.4
409호쪽 엘레베이터,409호,19,17,12,12,-4,-4,10,11.1
409호쪽 엘레베이터,409호,21,19,10,10,-3,-3,10,10.9
409호쪽 엘레베이터,409호,10,10,-3,-3,8,0,0,21.6
409호쪽 엘레베이터,409호,22,11,11,-5,-5,9,0,17.3
409호쪽 엘레베이터,410호,-1,-2,11,10,7,9,9,7
409호쪽 엘레베이터,410호,0,-1,8,5,10,9,9,6
409호쪽 엘레베이터,411호,19,21,17,18,-6,-5,9,13.6
409호쪽 엘레베이터,411호,20,20,16,15,-5,-5,10,13
409호쪽 엘레베이터,411호,21,21,18,17,-7,-7,9,14.3
409호쪽 엘레베이터,411호쪽 계단실,23,21,-4,-4,11,11,9,11.9
409호쪽 엘레베이터,409호쪽 엘레베이터,2,2,3,3,4,1,2,2.4
409호쪽 엘레베이터,409호쪽 엘레베이터,2,2,3,3,5,6,10,4.4
409호쪽 엘레베이터,410호,-3,-4,6,8,0,10,0,14.7
409호쪽 엘레베이터,409호쪽 엘레베이터,2,2,4,3,10,3,0,13.7
409호쪽 엘레베이터,409호,16,18,12,11,-5,-5,8,10.7
409호쪽 엘레베이터,409호,23,20,11,11,-3,-3,8,11.3
409호쪽 엘레베이터,409호쪽 엘레베이터,3,3,4,3,4,4,2,3.3
409호쪽 엘레베이터,409호쪽 엘레베이터,2,2,4,4,0,8,1,3
418호쪽 엘레베이터,410호,3,2,8,6,-1,-1,10,4.4
418호쪽 엘레베이터,418호쪽 엘레베이터,1,1,3,3,-3,3,2,2.3
418호쪽 엘레베이터,418호쪽 엘레베이터,0,0,3,3,-5,1,1,1.9
418호쪽 엘레베이터,418호쪽 엘레베이터,0,0,3,3,-5,1,1,1.9
418호쪽 엘레베이터,418호쪽 엘레베이터,0,0,3,3,-5,1,1,1.9
418호쪽 엘레베이터,418호쪽 엘레베이터,0,0,3,3,-5,1,1,1.9
418호쪽 엘레베이터,418호쪽 엘레베이터,0,0,3,3,-5,1,1,1.9
418호쪽 엘레베이터,418호쪽 엘레베이터,0,0,3,3,-5,1,1,1.9
418호쪽 엘레베이터,419호,17,5,-3,-3,0,10,9,6.7
418호쪽 엘레베이터,418호쪽 엘레베이터,-3,-3,2,2,-5,2,2,2.7
418호쪽 엘레베이터,418호쪽 엘레베이터,-1,-1,2,2,-3,2,2,1.9
418호쪽 엘레베이터,418호쪽 엘레베이터,-2,-1,2,2,-5,1,1,2
418호쪽 엘레베이터,418호쪽 엘레베이터,1,1,2,2,-4,1,-3,2
418호쪽 엘레베이터,418호쪽 엘레베이터,1,1,2,2,2,1,0,1.3
501호,501호,5,4,9,-3,3,-3,1,4
501호,531호,7,7,10,17,10,9,6,9.4
501호,532호,7,7,-7,8,1,1,-1,4.6
501호,501호,1,1,2,-3,-3,-4,4,2.6
501호,501호,0,0,5,-1,-5,-2,1,2
501호,501호,-1,-1,7,-3,-3,-4,5,3.4
501호,501호,-2,-2,15,-2,-3,-6,2,4.6
501호,501호,-2,-2,10,-4,-3,-4,4,4.1
501호,501호,0,0,12,-3,-4,-4,1,3.4
501호,501호,4,4,7,-2,-3,-3,5,4
501호,501호,2,2,10,-3,-3,-2,2,3.4
501호,501호,2,2,9,-3,-4,0,2,3.1
501호,501호,2,2,10,-3,-2,-6,-1,3.7
501호,501호,4,4,3,6,5,-5,1,4
501호,501호,3,2,5,4,3,-3,-1,3
501호,501호 옆 계단실,1,0,-4,-5,-5,-6,-7,4
501호,501호,3,3,12,2,-10,-3,3,5.1
501호,501호,4,4,4,4,3,2,0,11.9
501호,501호 옆 계단실,-2,-3,-4,-1,0,-10,-3,3.3
501호,501호 옆 계단실,0,-1,-8,-2,-1,-3,-5,2.9
501호 옆 계단실,532호,3,3,1,1,-4,-4,-1,2.4
501호 옆 계단실,532호,1,1,5,-2,-5,-5,1,2.9
501호 옆 계단실,532호,3,3,10,4,-6,-6,3,5
501호 옆 계단실,532호,5,5,6,3,-2,-2,1,3.4
501호 옆 계단실,532호,3,3,4,1,-5,-5,-2,3.3
501호 옆 계단실,501호 옆 계단실,5,4,10,10,10,-1,-9,7
501호 옆 계단실,532호,2,2,8,4,-6,-6,1,4.1
501호 옆 계단실,532호,2,2,5,-1,-5,-6,3,3.4
501호 옆 계단실,532호,5,4,9,3,-3,-3,1,4
501호 옆 계단실,532호,1,1,5,13,-4,-4,-1,4.1
501호 옆 계단실,532호,2,2,8,5,-4,-4,-7,4.6
501호 옆 계단실,532호,-1,-1,3,-7,-3,-3,-4,3.1
501호 옆 계단실,501호 옆 계단실,6,5,2,7,9,10,-15,7.7
501호 옆 계단실,532호,-1,-1,1,-5,-3,-3,-5,2.7
501호 옆 계단실,532호,-2,-2,6,-2,-6,-6,-2,3.7
501호 옆 계단실,532호,-1,-2,4,-1,-4,-4,2,2.6
501호 옆 계단실,531호,1,1,11,6,10,5,9,6.1
501호 옆 계단실,532호,1,1,1,5,-3,-3,2,2.3
501호 옆 계단실,532호,-1,-1,2,2,-4,-4,1,2.1
501호 옆 계단실,531호,3,3,8,12,7,2,-1,5.1
502호,501호 옆 계단실,2,2,-6,6,4,-3,7,4.3
502호,501호,2,2,3,4,3,-8,0,3.1
502호,501호,3,3,1,13,12,-11,0,6.1
502호,501호,2,3,12,1,0,-12,2,4.6
502호,501호,0,0,8,2,-3,-3,-2,2.6
502호,532호,14,14,-6,8,9,8,10,9.9
502호,501호,1,1,6,6,5,-4,1,3.4
502호,501호,2,2,7,4,4,-3,-4,3.7
502호,501호,2,2,3,2,2,-1,0,10.6
502호,501호,1,1,8,6,4,-4,0,3.4
502호,501호 옆 계단실,-4,-6,-6,-1,-1,-7,-2,3.9
502호,501호,3,3,7,4,3,-1,-3,3.4
502호,501호,0,1,6,3,3,-4,0,11.3
502호,501호,0,0,5,4,2,-6,1,2.6
502호,501호,2,2,5,6,3,-7,2,3.9
502호,501호,-1,-1,6,9,7,-5,-3,4.6
502호,501호 옆 계단실,-10,-11,-7,1,2,-7,1,5.6
502호,501호,2,2,7,1,0,-3,2,2.4
502호,501호,1,1,6,0,-1,-8,4,3
502호,501호,0,0,11,1,-3,-6,1,3.1
503호,503호,8,8,3,5,1,1,-3,4.1
503호,C-CUBE SQUARE,18,0,0,17,4,4,7,7.1
503호,532호,17,17,2,16,10,10,12,12
503호,501호 옆 계단실,1,0,4,1,2,-11,6,3.6
503호,C-CUBE SQUARE,10,9,9,9,4,4,2,6.7
503호,C-CUBE SQUARE,14,0,0,12,6,6,-4,6
503호,501호 옆 계단실,11,10,0,-1,-1,-4,6,4.7
503호,C-CUBE SQUARE,11,-2,-2,8,-2,-2,3,4.3
503호,C-CUBE SQUARE,18,0,0,17,0,0,2,5.3
503호,C-CUBE SQUARE,16,0,0,16,-1,-1,0,4.9
503호,C-CUBE SQUARE,8,-4,-4,13,2,2,-1,4.9
503호,501호 옆 계단실,9,10,1,6,2,-2,5,5
503호,C-CUBE SQUARE,12,-5,-5,9,0,0,5,5.1
504호,504호,4,4,5,5,0,0,1,2.7
504호,503호,3,4,-3,-4,0,0,-1,2.1
504호,503호,1,1,11,8,1,1,-2,3.6
504호,503호,4,4,7,6,0,1,3,3.6
504호,503호,2,2,6,10,2,1,1,3.4
504호,503호,-2,-2,4,2,-1,0,0,1.6
504호,503호,6,6,7,5,4,4,-1,4.7
504호,503호,3,3,8,7,-1,-1,1,3.4
504호,503호,2,2,3,1,-2,-1,-1,1.7
504호,503호,6,6,2,1,3,3,6,3.9
504호,503호,4,5,4,2,2,2,2,3
504호,503호,7,7,3,2,3,3,1,3.7
504호,503호,5,6,2,3,1,1,0,2.6
504호,503호,6,6,2,0,5,5,2,3.7
504호,503호,5,5,7,5,-1,-1,-2,3.7
504호,503호,6,7,10,9,-2,-2,-5,5.9
504호,503호,6,6,7,7,-1,-1,-2,4.3
504호,503호,4,4,14,13,-2,-2,0,5.6
504호,503호,2,2,-2,-4,2,2,2,2.3
504호,503호,3,3,3,0,-3,-3,-1,2.3
505호,504호,13,13,7,7,1,8,14,9
505호,504호,3,3,8,8,-1,0,-3,3.7
505호,504호,3,2,11,11,14,14,2,8.1
505호,504호,6,6,9,9,13,16,-1,8.6
505호,504호,3,3,10,10,0,1,-1,4
505호,504호,7,7,9,10,2,1,-1,5.3
505호,504호,7,7,11,11,5,5,-1,6.7
505호,504호,6,6,11,11,3,3,-2,6
505호,503호,7,7,13,13,-3,-3,9,7.9
505호,504호,12,12,10,9,13,13,2,10.1
505호,504호,5,6,5,5,2,0,-1,3.4
505호,504호,15,15,10,10,-2,3,0,7.9
505호,503호,6,7,9,9,-2,-2,13,6.9
505호,504호,6,6,11,11,6,6,1,6.7
505호,505호,54,6,2,0,0,14,3,11.29
505호,505호,54,7,3,1,1,15,2,11.86
505호,505호,54,8,4,2,2,16,1,12.43
505호,504호,5,5,10,10,5,5,-1,5.9
505호,503호,11,11,6,6,1,1,12,6.9
505호,503호,11,11,6,4,-2,-2,11,6.7
505호,504호,7,6,9,9,3,3,0,5.3
505호,504호,6,6,4,4,4,3,0,3.9
505호,504호,10,10,5,5,7,9,-1,6.7
506호,504호,10,10,1,1,14,14,13,9
506호,504호,10,10,1,1,14,14,13,9
506호,507호,0,0,17,4,4,0,18,6.1
506호,505호,9,9,-7,18,-10,-10,-1,9.1
506호,505호,4,4,0,20,-11,-11,-1,7.3
506호,507호,1,1,14,3,3,2,12,5.1
506호,508호 앞 계단실,11,10,15,13,-6,-6,-1,8.9
506호,508호 앞 계단실,8,9,18,2,-7,-7,-2,7.6
506호,507호,1,1,16,1,1,-4,13,5.3
506호,507호,-6,-6,17,2,2,-5,14,7.4
506호,507호,-5,-6,16,4,5,1,13,7.1
506호,507호,-5,-5,21,2,2,-5,17,8.1
506호,504호,18,18,2,2,9,10,16,10.7
506호,504호,17,17,3,3,7,-3,17,9.6
506호,508호 앞 계단실,12,12,11,15,-5,-5,0,8.6
506호,504호,12,12,5,5,16,19,16,12.1
506호,505호,1,1,1,16,-11,-11,-1,6
506호,504호,18,18,5,5,13,12,15,12.3
506호,505호,0,1,1,16,-14,-14,-2,6.9
506호,508호 앞 계단실,14,14,18,16,-7,-7,7,11.9
506호,504호,16,17,5,5,15,15,17,12.9
506호,504호,11,10,7,7,13,16,14,11.1
506호,507호,-4,-4,-4,8,8,-2,10,5.7
507호,505호,0,0,3,-5,2,3,12,3.6
507호,508호 앞 계단실,-2,-2,8,5,8,2,-4,4.4
507호,508호 앞 계단실,2,2,4,7,0,0,-3,2.6
507호,508호 앞 계단실,0,0,12,11,1,1,0,3.6
507호,508호 앞 계단실,1,1,15,15,3,3,-5,6.1
507호,508호 앞 계단실,0,0,12,11,2,2,-3,4.3
507호,510호 앞 엘리베이터,-6,-6,2,3,1,-8,0,3.7
507호,510호 앞 엘리베이터,-3,-3,3,4,-1,-9,-2,3.6
507호,508호 앞 계단실,0,0,11,10,2,1,-1,3.6
507호,507호,3,1,1,2,2,1,2,1.71
507호,507호,9,0,0,4,3,0,0,2.29
507호,507호,3,1,1,2,2,1,2,1.71
507호,507호,9,0,0,4,3,0,0,2.29
507호,507호,3,1,1,2,2,1,2,1.71
507호,507호,9,0,0,4,3,0,0,2.29
507호,507호,3,1,1,2,2,1,2,1.71
507호,507호,9,0,0,4,3,0,0,2.29
507호,506호,55,2,1,0,0,3,3,9.14
507호,506호,55,2,1,0,0,3,3,9.14
507호,507호,3,1,1,2,2,1,2,1.71
507호,507호,9,0,0,4,3,0,0,2.29
507호,508호 앞 계단실,-1,-1,9,8,0,1,-2,3.1
507호,510호 앞 엘리베이터,-3,-3,4,4,-1,-4,-2,3
507호,510호 앞 엘리베이터,0,0,3,3,-7,-8,0,12.7
507호,508호 앞 계단실,0,0,6,5,4,3,2,2.9
507호,508호 앞 계단실,0,0,7,7,0,0,5,2.7
507호,510호 앞 엘리베이터,0,0,4,1,-1,-4,-2,1.7
507호,510호 앞 엘리베이터,1,1,1,2,-3,-3,-4,2.1
507호,510호 앞 엘리베이터,-1,-1,-1,-1,-2,-4,-3,1.9
507호,510호 앞 엘리베이터,-4,-4,5,4,-3,-9,-6,5
507호,505호,-5,-4,-7,5,-3,-4,9,5.3
507호,508호 앞 계단실,1,1,9,8,3,4,-1,3.9
508호,505호,16,16,3,14,11,11,15,12.3
508호,507호,10,10,1,8,8,-3,-2,6
508호,508호,56,2,2,2,2,7,7,11.14
508호,508호,9,4,4,3,3,2,2,3.86
508호,508호,56,2,2,2,2,7,7,11.14
508호,508호,9,4,4,3,3,2,2,3.86
508호,508호,56,2,2,2,2,7,7,11.14
508호,508호,9,4,4,3,3,2,2,3.86
508호,505호,5,6,3,4,0,0,11,4.1
508호,507호,3,3,15,9,9,-1,12,7.4
508호,507호,4,4,8,10,10,1,5,6
508호,505호,10,9,-8,9,3,3,14,8
508호,505호,15,15,-7,7,2,2,16,9.1
508호,507호,9,10,11,11,11,-8,4,9.1
508호,507호,4,4,7,12,12,-3,6,6.9
508호,505호,12,12,0,12,0,0,11,6.7
508호,505호,4,4,2,17,0,0,10,5.3
508호,505호,7,7,-1,13,1,1,11,5.9
508호,505호,9,9,0,8,3,3,9,5.9
508호,505호,12,13,-9,10,-2,-3,9,8.3
508호,505호,10,10,-11,13,1,1,11,8.1
508호,505호,9,8,-2,9,3,3,15,7
508호,505호,12,13,1,-2,-2,13,0,15.4
508호,505호,12,13,8,17,2,2,10,9.1
508호,505호,10,10,-3,10,2,2,12,7
508호,505호,11,11,4,8,6,6,16,8.9
508호 앞 계단실,505호,12,12,1,13,6,6,15,9.3
508호 앞 계단실,510호 앞 엘리베이터,1,1,1,-1,4,-3,4,2.1
508호 앞 계단실,505호,3,3,11,1,1,1,14,4.9
508호 앞 계단실,505호,-5,-5,-4,7,0,0,8,4.1
508호 앞 계단실,510호 앞 엘리베이터,0,0,0,-1,9,-10,11,4.4
508호 앞 계단실,505호,2,2,-1,2,0,0,10,2.4
508호 앞 계단실,505호,5,4,4,1,0,0,11,3.6
508호 앞 계단실,505호,-4,-4,-1,0,0,8,0,11.7
508호 앞 계단실,510호 앞 엘리베이터,-2,-2,-1,-3,11,-7,10,5.1
508호 앞 계단실,510호 앞 엘리베이터,-2,-1,0,0,4,-4,3,2
508호 앞 계단실,505호,-3,-3,0,1,-2,-1,12,3.1
508호 앞 계단실,510호 앞 엘리베이터,-4,-4,0,1,7,0,6,3.1
508호 앞 계단실,505호,-2,-3,0,1,0,0,12,2.6
508호 앞 계단실,510호 앞 엘리베이터,1,1,0,0,5,-1,4,1.7
508호 앞 계단실,510호 앞 엘리베이터,0,0,1,3,5,4,0,11.6
508호 앞 계단실,510호 앞 엘리베이터,6,6,2,2,3,2,3,3.4
508호 앞 계단실,510호 앞 엘리베이터,1,1,-5,-4,8,-5,7,4.4
508호 앞 계단실,510호 앞 엘리베이터,2,2,4,4,10,6,8,5.1
508호 앞 계단실,507호,16,16,-3,5,5,-1,0,15.7
508호 앞 계단실,510호 앞 엘리베이터,5,4,3,3,5,-3,4,3.9
509호,506호,-1,2,-2,2,2,2,-75,12.3
509호,505호,18,20,4,17,9,9,20,13.9
509호,505호,17,17,2,17,12,12,16,13.3
509호,505호,17,17,-1,19,7,7,17,12.1
509호,509호,11,18,0,0,2,1,6,5.43
509호,510호 앞 엘리베이터,2,1,76,4,4,5,5,13.86
509호,505호,19,18,0,18,7,7,16,12.1
509호,508호,5,5,11,11,2,1,0,14
509호,506호,0,12,-1,7,-2,-2,-75,14.1
509호,508호,6,6,11,3,5,4,0,14
509호,509호,6,11,2,2,0,1,73,13.57
509호,505호,18,17,10,16,6,6,19,13.1
509호,506호,-1,12,-1,10,-5,-5,-75,15.6
509호,508호,5,5,9,6,5,4,0,13.9
509호,509호,8,8,2,2,5,1,2,4.0
509호,505호,16,16,4,7,7,16,0,18.7
509호,505호,16,16,5,20,6,6,17,12.3
509호,506호,-4,11,-3,10,-6,-6,-75,16.4
509호,508호,3,3,13,10,2,1,0,13.6
509호,508호,1,1,11,11,1,0,0,12.6
509호,505호,18,18,1,7,12,12,13,11.6
509호,511호,9,10,0,1,2,4,3,4.14
509호,509호,9,9,3,3,6,2,3,5.0
509호,509호,11,11,5,5,8,4,5,7.0
509호,510호 앞 엘리베이터,13,13,0,1,6,9,5,6.71
509호,510호 앞 엘리베이터,12,13,0,66,7,12,6,16.57
509호,510호 앞 엘리베이터,12,12,0,1,6,12,5,6.86
509호,506호,0,8,2,8,5,5,75,14.71
509호,505호,15,15,0,17,7,7,19,11.4
510호,511호 옆 계단실,7,7,7,6,6,6,15,7.7
510호,511호,1,1,2,2,7,7,0,12.1
510호,511호,-2,-2,0,-2,10,10,0,13
510호,511호,-3,-3,-3,-4,9,9,0,13.7
510호,511호,0,1,1,0,9,9,0,12.1
510호,511호,-1,-1,0,-1,7,7,0,11.7
510호,509호,7,7,4,3,4,4,-69,14
510호,509호,7,7,4,3,4,4,-69,14
510호,511호,-1,-1,7,6,9,9,0,14
510호,509호,3,3,5,4,4,4,-69,13.1
510호,511호,-3,-3,0,-1,9,9,0,12.9
510호,511호,-1,-1,1,1,11,12,0,13.1
510호,505호,20,20,7,0,12,12,20,13
510호,511호,1,0,2,2,10,10,0,12.9
510호,511호,0,0,4,3,9,8,0,12.7
510호,510호,1,2,6,5,4,4,4,3.71
510호,511호,0,0,5,0,11,10,0,13
510호,511호,5,4,3,2,9,9,0,13.9
510호,506호,-5,2,-6,2,5,5,-75,14.3
510호,511호,-6,-6,10,9,7,7,0,15.7
510호,511호,-6,-6,1,0,9,9,0,13.7
510호,511호,-7,-7,-1,-1,7,7,0,13.6
510호,511호,-8,-8,-2,-1,8,4,0,13.7
510호,510호,1,2,6,5,4,4,4,3.71
510호,510호,0,1,9,3,2,7,1,3.29
510호,511호,0,1,11,10,5,6,0,14
510호 앞 엘리베이터,525호,5,5,-1,-1,14,16,9,7.3
510호 앞 엘리베이터,506호,-6,0,-4,0,-3,-3,-75,13
510호 앞 엘리베이터,506호,0,-1,-1,-1,-1,-1,-75,11.4
510호 앞 엘리베이터,506호,2,3,1,4,1,1,-75,12.4
510호 앞 엘리베이터,506호,0,2,-1,2,1,1,-75,11.7
510호 앞 엘리베이터,506호,-1,5,-2,5,3,3,-75,13.4
510호 앞 엘리베이터,506호,-2,6,-3,6,6,6,-75,14.9
510호 앞 엘리베이터,506호,-1,3,-1,3,4,4,-75,13
510호 앞 엘리베이터,506호,-2,4,-3,4,4,4,-75,13.7
510호 앞 엘리베이터,506호,-4,2,-5,2,2,2,-75,13.1
510호 앞 엘리베이터,506호,-4,2,-5,2,4,4,-75,13.7
510호 앞 엘리베이터,506호,-4,2,-5,2,1,1,-75,12.9
510호 앞 엘리베이터,506호,-1,2,-2,2,-1,-1,-75,12
510호 앞 엘리베이터,506호,-2,4,-3,5,-5,-4,-75,14
510호 앞 엘리베이터,506호,-1,13,-2,1,2,2,-75,13.7
510호 앞 엘리베이터,506호,-5,-1,-6,-1,0,0,-75,12.6
510호 앞 엘리베이터,506호,0,3,0,3,5,5,-75,13
510호 앞 엘리베이터,506호,-4,5,-5,5,1,1,-75,13.7
510호 앞 엘리베이터,506호,-5,2,-5,2,1,1,-75,13
510호 앞 엘리베이터,506호,0,6,-1,6,-1,-1,-75,12.9
511호,511호,6,5,7,4,6,6,0,14.1
511호,511호 옆 계단실,13,13,9,8,9,8,3,9
511호,511호 옆 계단실,8,8,8,2,2,7,16,7.3
511호,511호 옆 계단실,10,10,11,7,7,11,16,10.3
511호,510호,7,9,-5,-6,-2,-2,-69,14.3
511호,511호,8,9,1,3,0,1,2,3.43
511호,511호 옆 계단실,65,5,68,0,2,13,7,22.86
511호,511호,8,9,1,3,0,1,2,3.43
511호,511호 옆 계단실,9,9,2,8,8,1,15,7.4
511호,511호 옆 계단실,10,10,5,9,9,4,18,9.3
511호,511호 옆 계단실,8,8,9,5,5,7,12,7.7
511호,511호 옆 계단실,7,7,9,5,6,8,18,8.6
511호,511호 옆 계단실,7,7,4,2,2,4,-62,12.6
511호,511호 옆 계단실,8,8,9,7,7,8,17,9.1
511호,506호,-3,1,-4,2,6,5,-75,13.7
511호,511호 옆 계단실,9,9,10,11,11,9,17,10.9
511호,511호 옆 계단실,9,9,4,11,11,3,17,9.1
511호,511호 옆 계단실,8,8,7,9,9,6,19,9.4
511호,511호 옆 계단실,9,9,8,9,9,6,17,9.6
511호,510호,2,3,-3,-4,2,2,-69,12.1
511호,511호 옆 계단실,8,8,6,7,7,5,16,8.1
511호,511호 옆 계단실,9,9,10,6,6,8,16,9.1
511호,511호 옆 계단실,7,7,15,6,6,14,9,9.1
511호 옆 계단실,513호,10,8,8,13,9,18,0,19
511호 옆 계단실,511호,-1,-1,12,8,5,5,0,13.9
511호 옆 계단실,506호,-6,-1,-6,-1,5,5,-75,14.1
511호 옆 계단실,510호,2,2,8,7,7,6,-69,14.4
511호 옆 계단실,506호,-5,2,-5,2,5,5,-75,14.1
511호 옆 계단실,511호 옆 계단실,27,27,3,11,11,3,13,13.6
511호 옆 계단실,510호,1,0,8,7,3,4,-69,13.1
511호 옆 계단실,510호,-2,-1,6,5,7,7,-69,13.9
511호 옆 계단실,511호,1,1,5,6,7,7,0,13.1
511호 옆 계단실,511호,-1,-1,6,6,7,7,0,13.3
511호 옆 계단실,511호 옆 계단실,20,20,5,18,18,5,15,14.4
511호 옆 계단실,506호,-3,3,-4,4,5,5,-75,14.1
511호 옆 계단실,511호 옆 계단실,23,23,3,14,14,2,13,13.1
511호 옆 계단실,511호 옆 계단실,20,20,2,17,17,1,14,13
511호 옆 계단실,511호 옆 계단실,21,21,4,13,13,3,11,12.3
511호 옆 계단실,506호,1,4,0,4,6,7,-75,13.9
511호 옆 계단실,511호 옆 계단실,21,21,3,18,18,2,11,13.4
511호 옆 계단실,511호 옆 계단실,20,20,7,17,17,6,11,14
511호 옆 계단실,511호 옆 계단실,21,21,3,16,16,3,17,13.9
511호 옆 계단실,510호,3,3,6,5,4,5,-69,13.6
512호,512호,5,4,-2,-2,-1,-10,3,3.9
512호,511호,20,21,14,14,5,5,0,20.6
512호,513호,4,4,4,14,13,4,17,8.6
512호,512호,20,18,9,9,12,-1,0,9.9
512호,506호,8,-6,7,-5,19,18,-75,19.7
512호,512호,8,8,13,5,-1,0,0,21.6
512호,512호,25,24,16,12,10,1,3,13
512호,512호,17,17,7,7,9,-5,7,9.9
512호,512호,10,9,10,7,-6,-3,0,14.7
512호,512호,14,16,6,6,8,5,5,8.6
512호,512호,24,23,6,6,9,-1,12,11.6
512호,512호,23,23,8,7,7,-4,0,10.3
512호,513호,6,8,8,12,11,8,15,9.7
512호,512호,18,17,8,8,14,-1,-2,9.7
512호,512호,23,22,9,9,18,-5,-1,12.4
512호,512호,19,20,13,13,11,-12,4,13.1
512호,512호,13,2,1,11,-1,17,0,14.7
512호,512호,13,13,6,6,8,-4,4,7.7
512호,513호,14,2,1,20,5,6,17,9.3
512호,512호,-14,-14,6,6,9,5,2,8
512호,512호,16,15,7,7,4,1,0,16.1
513호,512호,4,4,0,0,-4,3,13,4
513호,513호,0,-4,-5,9,-4,10,11,6.1
513호,513호,2,-4,-4,2,-12,5,13,6
513호,512호,1,-1,-7,-7,2,-12,5,5
513호,512호,1,-1,-7,-7,2,-12,5,5
513호,512호,9,8,-3,-3,1,-4,6,4.9
513호,512호,-5,-5,-8,-8,-1,-9,14,7.1
513호,512호,-3,-4,-5,-4,-1,-7,5,4.1
513호,513호,0,-5,-5,3,-3,6,12,4.9
513호,512호,2,2,-9,-9,0,-10,10,6
513호,512호,-2,-1,1,1,-2,-18,7,4.6
513호,512호,2,1,-6,-6,-1,-13,8,5.3
513호,512호,1,3,-8,-8,1,-9,9,5.6
513호,512호,1,1,-7,-7,1,-8,4,4.1
513호,512호,3,3,-12,-12,3,-4,0,5.3
513호,512호,9,5,-12,-12,2,-14,-1,7.9
513호,512호,7,7,2,-11,13,0,0,22.6
513호,512호,0,0,-8,-8,2,-10,12,5.7
513호,513호,-2,-3,-3,5,-2,7,9,4.4
513호,512호,5,5,-5,-5,1,-17,14,7.4
513호,513호,0,-3,-3,5,-5,4,14,4.9
514호,502호,4,2,-5,-5,2,-5,0,14.3
514호,502호,-7,-5,7,7,-5,-5,-11,6.7
514호,513호,1,1,0,-2,3,8,12,3.9
514호,512호,8,6,-1,-1,-1,5,11,4.7
514호,512호,6,6,-2,-1,-1,0,15,4.4
514호,513호,16,0,0,8,-3,6,11,6.3
514호,512호,9,9,4,4,0,7,13,6.6
514호,512호,9,11,2,1,0,4,11,5.4
514호,512호,6,8,0,1,3,1,8,3.9
514호,512호,6,7,6,6,0,3,10,5.4
514호,512호,7,7,2,1,0,3,11,4.4
514호,513호,7,-3,-3,2,-3,3,14,5
514호,513호,7,-1,-1,3,-2,1,6,3
514호,512호,3,5,-2,-1,0,-4,9,3.4
514호,513호,18,5,5,3,1,-2,8,6
514호,513호,11,-2,-3,-1,10,4,9,5.7
514호,513호,11,3,3,-1,8,1,5,4.6
514호,513호,7,1,1,-1,3,6,15,4.9
514호,512호,10,10,5,5,-2,-1,10,6.1
514호,513호,11,-2,-2,-3,-5,3,4,4.3
515호,514호,8,8,11,5,-5,4,1,6
515호,515호,10,-1,-6,1,1,-8,13,5.7
515호,514호,8,8,-6,2,4,-16,-18,8.9
515호,515호,5,-1,8,-1,0,7,10,4.6
515호,515호,4,1,6,-3,-3,5,8,4.3
515호,515호,4,1,1,-3,-3,5,6,3.3
515호,515호,5,-3,-4,-6,-6,-7,7,5.4
515호,514호,4,4,-1,2,7,-8,-11,5.3
515호,514호,4,4,-1,2,7,-12,-11,5.9
515호,514호,4,4,-1,-4,6,-3,-11,4.7
515호,514호,2,2,3,-1,5,-8,-8,4.1
515호,515호,5,0,3,-4,-3,4,8,3.9
515호,515호,5,1,1,2,2,-1,7,2.7
515호,514호,8,8,3,4,1,-1,-1,3.7
515호,515호,2,-2,1,-5,-5,0,6,3
515호,514호,4,5,-1,8,9,-7,-8,6
515호,515호,12,-5,-1,1,1,-2,7,4.1
515호,514호,7,7,-1,12,-1,-7,-8,6.1
515호,514호,3,3,-2,13,4,-9,-10,6.3
515호,515호,16,-7,1,-2,-2,1,9,5.4
515호,514호,9,8,-1,8,0,-11,-7,6.3
516호,516호,1,3,10,10,10,-4,-4,6
516호,515호,8,6,6,-5,-5,5,5,5.7
516호,514호,6,6,6,11,2,-2,-2,5
516호,514호,4,4,10,5,1,-1,-2,3.9
516호,514호,7,7,10,-1,1,-4,-6,5.1
516호,514호,8,8,6,1,0,-1,-2,3.7
516호,514호,5,5,6,1,0,-2,-6,3.6
516호,515호,11,4,1,-2,-2,1,8,4.1
516호,514호,4,4,9,9,0,-1,0,12
516호,514호,4,4,9,3,2,0,0,3.1
516호,514호,4,4,10,1,2,-3,-3,3.9
516호,515호,5,2,-2,-5,-5,-2,5,3.7
516호,514호,6,6,14,1,-1,-1,-1,4.3
516호,515호,11,2,2,-1,0,0,2,2.6
516호,515호,7,3,2,-5,-6,4,1,4
516호,516호,7,9,0,0,1,5,5,3.9
516호,516호,4,10,2,1,-2,8,8,5
516호,514호,8,8,6,-1,-2,4,3,4.6
516호,514호,8,7,10,0,-4,3,4,5.1
516호,514호,7,7,10,6,-3,3,0,5.1
517호,517호,-4,7,7,5,4,3,3,4.7
517호,517호,-4,7,7,5,4,3,3,4.7
517호,516호,-4,3,10,10,2,5,4,5.4
517호,516호,-1,5,8,8,9,5,5,5.9
517호,516호,-7,7,3,2,3,-5,-5,4.6
517호,516호,0,3,9,9,7,0,-2,4.3
517호,517호,1,6,6,6,-3,10,10,6
517호,516호,-6,4,9,9,7,-2,-4,5.9
517호,516호,2,4,12,12,-1,6,7,6.3
517호,516호,5,8,8,8,5,6,6,6.6
517호,517호,1,2,2,1,3,14,13,5.1
517호,516호,-6,3,11,11,4,2,2,5.6
517호,517호,4,4,7,-2,10,11,0,12.6
517호,516호,-3,4,9,9,12,2,2,5.9
517호,516호,-6,3,7,7,12,0,0,5
517호,516호,-3,4,7,7,19,1,1,6
517호,516호,11,8,10,10,9,0,-1,7
517호,516호,0,7,13,13,8,5,5,7.3
517호,516호,5,8,8,4,16,16,0,16.1
517호,517호,-1,6,6,5,3,14,15,7.1
517호,515호,0,10,14,12,12,14,0,8.9
518호,518호,3,3,0,6,6,6,2,3.7
518호,517호,-3,4,4,3,-3,-1,0,2.6
518호,517호,-35,2,2,3,-3,2,2,7
518호,517호,-3,1,1,1,-1,2,2,1.6
518호,517호,8,3,3,1,-1,5,5,3.7
518호,517호,-1,6,6,9,0,6,6,4.9
518호,517호,-3,6,6,0,1,4,4,3.4
518호,517호,-5,2,2,8,1,1,1,2.9
518호,517호,-7,4,5,9,-6,5,4,5.7
518호,517호,1,6,6,0,-1,2,2,2.6
518호,517호,-4,5,5,2,-2,6,6,4.3
518호,517호,9,6,6,2,-10,0,0,4.7
518호,517호,-1,7,7,3,2,3,3,3.7
518호,517호,-1,6,6,1,-4,6,6,4.3
518호,517호,-7,4,4,2,-4,7,7,5
518호,517호,-6,5,5,-2,2,1,1,3.1
518호,517호,-6,8,8,3,1,0,0,3.7
518호,517호,-2,7,8,2,10,1,1,4.4
518호,517호,-4,7,7,6,-2,1,1,4
518호,517호,2,9,9,3,1,9,9,6
518호,517호,-8,5,5,1,-10,6,5,5.7
519호,530호,1,1,-1,-1,3,4,2,1.9
519호,518호,-4,-4,7,-1,-1,13,0,4.3
519호,518호,-1,-1,13,-2,-1,16,-7,5.9
519호,519호,12,12,18,17,-4,-4,3,10
519호,518호,-2,-2,2,1,1,13,-3,3.4
519호,518호,0,0,3,1,1,12,0,2.4
519호,518호,-4,-4,6,4,4,-3,0,12.4
519호,518호,1,1,3,4,4,17,-1,4.4
519호,518호,-1,-1,6,2,2,13,6,4.4
519호,518호,-2,-2,8,7,7,-1,0,12.7
519호,518호,-3,-3,9,3,3,12,-5,5.4
519호,518호,-2,-2,9,-2,-2,12,-8,5.3
519호,518호,-4,-4,9,1,1,11,-3,4.7
519호,518호,-4,-4,2,0,1,9,0,2.9
519호,518호,-2,-2,13,2,2,14,-7,6
519호,518호,-1,-1,4,-1,-1,11,-5,3.4
519호,520호,18,6,6,17,17,9,-2,10.7
519호,519호 옆 계단실,2,-1,0,-6,-6,-4,17,5.1
519호,518호,-6,-6,12,0,0,16,1,5.9
519호,518호,-5,-5,12,0,0,17,-4,6.1
519호,518호,-11,-11,6,2,1,10,0,5.9
519호,518호,-3,-3,6,1,1,15,-1,4.3
519호 옆 계단실,518호,0,0,1,4,4,17,-3,4.1
519호 옆 계단실,518호,4,4,7,7,7,12,6,6.7
519호 옆 계단실,518호,6,5,3,5,5,15,7,6.6
519호 옆 계단실,519호 옆 계단실,8,13,12,4,4,1,12,7.7
519호 옆 계단실,519호 옆 계단실,4,13,12,1,1,0,15,6.6
519호 옆 계단실,518호,3,3,3,3,3,14,1,4.3
519호 옆 계단실,518호,5,5,10,8,8,12,6,7.7
519호 옆 계단실,518호,3,3,3,5,5,9,2,4.3
519호 옆 계단실,518호,5,5,4,5,5,8,0,4.6
519호 옆 계단실,518호,7,7,0,3,3,9,1,4.3
519호 옆 계단실,518호,2,2,3,11,11,10,-3,6
519호 옆 계단실,518호,6,6,0,7,7,10,-1,5.3
519호 옆 계단실,518호,2,2,1,6,6,12,-3,4.6
519호 옆 계단실,519호 옆 계단실,6,11,9,0,0,4,4,4.9
519호 옆 계단실,518호,3,3,3,4,4,14,6,5.3
519호 옆 계단실,518호,12,12,3,3,3,8,-1,6
519호 옆 계단실,518호,4,3,-1,3,3,11,0,3.6
519호 옆 계단실,518호,4,4,5,6,6,8,-4,5.3
519호 옆 계단실,518호,12,12,4,7,7,12,-3,8.1
519호 옆 계단실,519호 옆 계단실,9,12,13,7,7,8,8,9.1
519호 옆 계단실,519호 옆 계단실,7,10,9,0,0,0,0,3.7
520호,520호,2,-3,5,-5,-4,-3,4,3.7
520호,519호,9,9,-3,-4,2,3,2,4.6
520호,519호,4,4,4,3,6,6,-5,4.6
520호,520호 앞 엘리베이터,-2,-2,3,3,12,13,1,5.1
520호,519호,6,6,4,3,2,2,2,3.6
520호,520호 앞 엘리베이터,0,-1,5,5,15,2,3,4.4
520호,520호 앞 엘리베이터,-1,-1,2,2,12,9,0,3.9
520호,519호,5,5,6,5,8,8,3,5.7
520호,520호,18,-3,2,6,6,2,-3,5.7
520호,519호,0,0,3,2,7,7,-3,3.1
520호,519호,0,0,4,3,10,10,-4,4.4
520호,519호,1,1,-2,-4,9,9,-3,4.1
520호,519호,1,1,-3,-4,14,14,-4,5.9
520호,519호,-1,-1,-3,-4,5,5,-1,2.9
520호,519호,1,1,6,5,1,1,0,2.1
520호,520호 앞 엘리베이터,1,1,1,1,10,3,-4,3
520호,520호 앞 엘리베이터,-1,-1,1,1,11,11,2,4
520호,519호,2,2,3,2,10,10,-2,4.4
520호,519호,6,6,3,2,9,9,0,5
520호,519호,6,6,8,8,7,7,-2,6.3
520호,520호 앞 엘리베이터,2,2,3,3,11,15,-3,5.6
520호 앞 엘리베이터,519호,8,8,8,8,2,3,2,5.6
520호 앞 엘리베이터,530호,-1,-1,-1,-1,-6,-6,13,4.1
520호 앞 엘리베이터,530호,0,0,2,1,1,1,2,1
520호 앞 엘리베이터,530호,2,2,4,4,-3,-2,4,3
520호 앞 엘리베이터,530호,2,1,-1,-1,-2,-2,-1,1.4
520호 앞 엘리베이터,530호,1,1,-1,-1,6,7,4,3
520호 앞 엘리베이터,530호,1,1,0,0,-2,-5,6,2.1
520호 앞 엘리베이터,530호,5,5,3,3,1,2,5,3.4
520호 앞 엘리베이터,530호,5,6,0,0,-1,-1,5,2.6
520호 앞 엘리베이터,530호,1,1,0,0,-3,-2,7,2
520호 앞 엘리베이터,530호,4,4,-3,-3,-4,-3,3,3.4
520호 앞 엘리베이터,530호,5,5,0,0,-5,-5,8,4
520호 앞 엘리베이터,530호,5,5,-2,-2,-3,-4,0,3
520호 앞 엘리베이터,530호,5,5,-2,-1,-5,-5,0,3.3
520호 앞 엘리베이터,530호,7,7,-2,-2,-5,-5,0,4
520호 앞 엘리베이터,530호,1,1,-1,-1,-4,-6,4,2.6
520호 앞 엘리베이터,530호,3,3,-2,-2,-4,-5,1,2.9
520호 앞 엘리베이터,530호,-2,-2,-3,-3,-3,-3,1,2.4
520호 앞 엘리베이터,530호,2,2,0,0,-2,-2,6,2
520호 앞 엘리베이터,530호,-2,-2,1,1,4,4,4,2.6
520호 앞 엘리베이터,530호,5,5,1,1,-4,-4,4,3.4
521호,520호,4,-1,1,0,0,-5,0,1.6
521호,520호,2,1,13,1,1,1,-1,2.9
521호,520호,0,5,9,1,1,-3,0,2.7
521호,520호,-5,5,5,1,1,-7,-7,4.4
521호,520호,0,18,7,-1,-1,-2,2,4.4
521호,520호,-1,-1,10,-3,-3,-6,5,4.1
521호,520호,-1,4,7,-1,-1,-1,1,2.3
521호,520호,0,1,10,2,2,-6,3,3.4
521호,520호,-3,4,8,-1,-1,-2,2,3
521호,520호,0,3,8,-2,-2,0,7,3.1
521호,520호,-6,-2,1,2,2,-4,-12,4.1
521호,520호,2,3,10,1,0,-1,0,2.4
521호,520호,3,4,7,2,2,0,2,2.9
521호,520호,-1,3,7,0,0,0,-2,1.9
521호,520호,-2,-1,5,1,0,-4,3,2.3
521호,520호,2,-3,11,-3,-2,-4,3,4
521호,520호,4,-2,9,-2,-2,-4,4,3.9
521호,520호,3,-1,10,-6,-6,0,2,4
521호,520호,1,-3,6,-2,-2,-2,-1,2.4
522호,522호,2,2,-25,-4,-4,1,0,5.4
522호,521호,4,4,-1,-8,4,4,-1,3.7
522호,521호,9,10,-6,2,2,-2,0,12.4
522호,521호,5,5,3,-4,4,4,8,4.7
522호,521호,7,7,1,-6,2,2,2,3.9
522호,521호,10,10,-3,-4,-1,-1,3,4.6
522호,521호,6,6,-1,-6,-1,-1,1,3.1
522호,521호,7,7,-1,-5,2,2,2,3.7
522호,521호,7,6,6,0,0,6,0,11.6
522호,521호,8,8,0,0,0,4,0,10.9
522호,521호,5,5,3,-1,0,0,-3,2.4
522호,521호,7,7,2,-5,1,1,1,3.4
522호,521호,5,5,1,-6,4,4,6,4.4
522호,521호,6,6,1,-6,1,1,-1,3.1
522호,521호,3,11,-1,-5,1,1,-1,3.3
522호,521호,7,7,1,-2,1,1,8,3.9
522호,521호,5,6,-7,-9,4,4,2,5.3
522호,520호,-1,2,5,-3,-3,-14,5,4.7
522호,521호,2,3,1,-7,0,0,14,3.9
522호,521호,5,5,-5,-11,1,1,10,5.4
522호,521호,5,5,-6,-4,2,2,4,4
522호,521호,5,5,0,-13,4,3,9,5.6
522호,521호,8,8,-4,-5,3,3,0,4.4
523호,523호,8,8,7,-2,-1,-1,3,4.3
523호,522호,3,3,4,2,-1,5,-5,3.3
523호,521호,16,16,3,1,2,2,-5,6.4
523호,522호,5,5,6,9,-3,0,4,4.6
523호,521호,16,16,4,3,-6,-6,-3,7.7
523호,522호,5,5,2,5,-3,8,-5,4.7
523호,522호,4,4,2,1,-6,0,-4,3
523호,522호,5,5,4,6,0,7,-1,4
523호,522호,4,4,6,6,-4,7,-3,4.9
523호,522호,2,2,8,8,-3,8,-5,5.1
523호,522호,-2,-2,16,17,-1,6,-2,6.6
523호,522호,-1,-1,5,4,-2,-1,-2,2.3
523호,522호,0,0,4,6,3,8,-4,3.6
523호,522호,-1,-1,1,0,5,-6,-4,2.6
523호,522호,-1,-1,3,3,-3,-1,-5,2.4
523호,522호,1,1,2,5,5,1,-2,2.4
523호,522호,3,3,2,3,9,-3,-2,3.6
523호,522호,1,1,1,1,-3,1,-1,1.3
523호,522호,0,0,4,4,3,3,-2,2.3
523호,522호,0,0,3,3,2,0,-6,2
524호,524호,-3,-3,0,-3,-3,3,11,3.7
524호,523호,10,10,5,-1,-2,-2,1,4.4
524호,523호,7,7,6,-3,1,1,1,3.7
524호,523호,7,7,4,-2,5,5,-1,4.4
524호,523호,5,5,6,-1,0,-2,3,3.1
524호,523호,11,11,7,-3,-1,-1,5,5.6
524호,523호,10,10,6,-2,0,-1,8,5.3
524호,523호,11,11,5,-2,0,0,5,4.9
524호,523호,12,12,10,-1,3,2,6,6.6
524호,523호,13,13,4,0,1,1,11,6.1
524호,523호,14,14,10,0,5,4,4,7.3
524호,523호,12,12,5,-5,-1,1,6,6
524호,523호,9,9,5,-3,5,5,6,6
524호,523호,7,7,14,4,4,4,11,7.3
524호,523호,7,7,11,3,1,1,10,5.7
524호,523호,9,9,9,2,8,5,9,7.3
524호,523호,9,9,9,2,8,5,9,7.3
524호,523호,9,9,10,-1,5,5,6,6.4
524호,523호,10,10,4,10,7,7,8,8
524호,523호,11,11,10,2,0,-1,4,5.6
524호,524호,16,16,17,2,2,-6,0,8.4
525호,525호,-4,-4,4,4,8,8,8,5.7
525호,524호,7,6,7,-3,-3,4,9,5.6
525호,524호,-2,-2,-3,0,0,5,4,2.3
525호,524호,-2,-2,-2,1,1,-2,9,2.7
525호,524호,2,2,-4,-1,-1,1,5,2.3
525호,524호,-1,-1,-5,-2,-2,1,6,2.6
525호,524호,-1,-1,1,-1,-1,9,3,2.4
525호,524호,1,1,-17,-2,-2,6,4,4.7
525호,524호,0,0,16,1,1,0,2,2.9
525호,524호,1,1,11,-4,-4,15,3,5.6
525호,524호,-1,-1,6,-2,-2,11,7,4.3
525호,524호,-1,-2,-3,-3,-3,5,9,3.7
525호,524호,-2,-2,0,2,2,7,6,3
525호,523호,25,25,13,17,8,14,14,16.6
525호,526호 옆 엘리베이터,-1,-1,4,5,3,6,6,3.7
525호,524호,-2,-2,2,-3,-3,1,6,2.7
525호,524호,-3,-3,0,0,1,8,5,2.9
525호,524호,-2,-2,-1,-1,-1,7,6,2.9
525호,526호 옆 엘리베이터,1,1,4,4,3,6,7,3.7
525호,526호 옆 엘리베이터,-2,-2,4,4,2,6,6,3.7
526호,5층 아르테크네,5,5,1,1,0,1,1,2
526호,5층 아르테크네,4,4,-2,-2,2,2,-16,4.6
526호,5층 아르테크네,3,3,0,0,-3,-3,0,1.7
526호,526호 옆 엘리베이터,2,2,1,1,3,-1,-1,1.6
526호,526호 옆 엘리베이터,0,0,-2,-2,1,-1,-1,1
526호,526호 옆 엘리베이터,-1,-1,0,0,6,-1,-1,1.4
526호,526호 옆 엘리베이터,-2,-2,-1,-1,7,-3,-3,2.7
526호,526호 옆 엘리베이터,-1,-2,5,5,7,-3,-3,3.7
526호,526호 옆 엘리베이터,2,2,4,4,2,1,1,2.3
526호,526호 옆 엘리베이터,-2,-2,2,2,-4,0,0,1.7
526호,526호 옆 엘리베이터,-7,-6,0,0,1,-7,-7,4
526호,526호 옆 엘리베이터,-5,-5,4,4,8,-2,-2,4.3
526호,526호 옆 엘리베이터,-4,-4,3,3,0,3,4,3
526호,526호 옆 엘리베이터,-4,-4,3,3,2,4,4,3.4
526호,526호 옆 엘리베이터,-4,-3,2,2,5,5,5,3.7
526호,526호 옆 엘리베이터,3,2,5,5,-1,-2,-2,2.9
526호,526호 옆 엘리베이터,2,2,2,2,1,-5,-5,2.7
526호,526호 옆 엘리베이터,5,5,5,5,1,-1,-1,3.3
526호,526호 옆 엘리베이터,1,1,6,7,-3,-1,-1,2.9
526호,525호,10,10,6,7,10,11,13,9.6
526호 옆 계단실,526호 옆 엘리베이터,-5,-5,-1,-1,5,4,3,3.4
526호 옆 계단실,5층 아르테크네,0,0,-1,-1,0,0,8,1.4
526호 옆 계단실,526호 옆 엘리베이터,4,3,0,1,2,-2,-2,2
526호 옆 계단실,5층 아르테크네,1,1,-1,-1,-1,-1,3,1.3
526호 옆 계단실,5층 아르테크네,0,0,2,2,0,0,-4,1.1
526호 옆 계단실,5층 아르테크네,1,1,2,2,0,0,4,1.4
526호 옆 계단실,5층 아르테크네,-2,-2,-2,-2,0,0,0,1.1
526호 옆 계단실,5층 아르테크네,-1,-1,-5,-5,5,5,6,4
526호 옆 계단실,526호 옆 엘리베이터,-3,-3,-5,-5,2,-2,-2,3.1
526호 옆 계단실,5층 아르테크네,0,0,-6,-6,-3,-3,-2,2.9
526호 옆 계단실,5층 아르테크네,-2,-2,-8,-8,-3,-3,0,3.7
526호 옆 계단실,526호 옆 엘리베이터,-1,-1,-1,-1,6,-6,-6,3.1
526호 옆 계단실,5층 아르테크네,-3,-3,-1,-1,-6,-6,1,3
526호 옆 계단실,526호 옆 엘리베이터,-1,-2,1,1,13,-5,-4,3.9
526호 옆 계단실,5층 아르테크네,-1,-1,-3,-3,-8,-8,-1,3.6
526호 옆 계단실,526호 옆 엘리베이터,-4,-4,-3,-3,0,-5,-5,3.4
526호 옆 계단실,526호 옆 엘리베이터,-3,-3,0,0,12,-2,-2,3.1
526호 옆 계단실,5층 아르테크네,1,1,-1,-1,-6,-6,1,2.4
526호 옆 계단실,526호 옆 엘리베이터,1,1,-1,-1,14,3,3,3.4
526호 옆 계단실,526호 옆 엘리베이터,-4,-4,-1,-1,10,-3,-3,3.7
526호 옆 엘리베이터,526호 옆 엘리베이터,2,2,0,0,2,-1,-1,1.1
526호 옆 엘리베이터,526호 옆 엘리베이터,-4,-4,0,0,-4,5,5,3.1
526호 옆 엘리베이터,525호,1,1,3,3,5,5,2,2.9
526호 옆 엘리베이터,526호 옆 엘리베이터,-3,-3,2,1,1,0,0,1.4
526호 옆 엘리베이터,526호 옆 엘리베이터,2,1,-1,-1,-7,-1,-1,2
526호 옆 엘리베이터,525호,1,1,7,7,8,7,9,5.7
526호 옆 엘리베이터,5층 아르테크네,-3,-3,-2,-2,0,0,-1,1.6
526호 옆 엘리베이터,526호 옆 엘리베이터,-4,-3,-2,-2,-6,-2,-2,3
526호 옆 엘리베이터,526호 옆 엘리베이터,-5,-5,-1,-1,10,-2,-1,3.6
526호 옆 엘리베이터,526호 옆 엘리베이터,1,1,2,2,2,-6,-6,2.9
526호 옆 엘리베이터,526호 옆 엘리베이터,2,2,2,2,2,-3,-3,2.3
526호 옆 엘리베이터,526호 옆 엘리베이터,-4,-4,-1,-1,2,-7,-7,3.7
526호 옆 엘리베이터,526호 옆 엘리베이터,-3,-4,2,2,1,-4,-4,2.9
526호 옆 엘리베이터,526호 옆 엘리베이터,1,1,0,1,-3,-5,-5,2.3
526호 옆 엘리베이터,526호 옆 엘리베이터,-2,-2,5,5,0,-3,-3,2.9
526호 옆 엘리베이터,526호 옆 엘리베이터,-3,-3,5,5,-4,-3,-3,3.7
526호 옆 엘리베이터,526호 옆 엘리베이터,-4,-4,0,0,-5,0,0,1.9
526호 옆 엘리베이터,526호 옆 엘리베이터,-1,-2,-3,-3,-5,0,0,2
526호 옆 엘리베이터,526호 옆 엘리베이터,-2,-2,2,2,-1,-1,-1,1.6
526호 옆 엘리베이터,526호 옆 엘리베이터,-1,-1,1,1,6,-3,-3,2.3
526호 옆 엘리베이터,526호 옆 엘리베이터,-3,-3,-2,-2,8,-2,-2,3.1
527호,527호,3,3,10,1,-2,-7,-4,4.3
527호,526호,6,6,9,9,-4,11,11,8
527호,527호,8,8,10,5,2,-5,-2,5.7
527호,526호,-5,-5,9,9,-2,6,5,5.9
527호,526호,-6,-6,8,8,6,8,0,14.4
527호,524호,10,10,6,8,8,15,23,11.4
527호,526호,7,7,10,10,-2,3,0,14
527호,526호,-6,-6,13,13,3,4,8,7.6
527호,526호,4,4,7,7,-2,7,11,6
527호,526호,4,3,11,11,3,11,7,7.1
527호,5층 아르테크네,26,26,4,4,5,5,8,11.1
527호,526호,5,5,9,9,-3,4,6,5.9
527호,526호,5,5,11,12,-3,10,0,15
527호,526호,2,2,10,10,-2,8,12,6.6
527호,526호,0,0,10,10,-6,8,0,13.3
527호,526호,-3,-3,12,12,1,2,9,6
527호,526호,1,1,11,11,0,5,11,5.7
527호,526호,2,2,10,10,9,7,7,6.7
527호,524호,7,7,5,10,10,18,20,11
528호,529호,-3,-4,12,12,15,11,0,16.7
528호,527호,0,0,-5,2,-1,-4,-1,1.9
528호,527호,3,3,-3,10,0,2,-4,3.6
528호,527호,6,6,0,7,1,0,-1,3
528호,527호,0,0,5,-2,0,1,-3,1.6
528호,527호,2,2,6,1,3,-2,0,2.3
528호,527호,1,1,2,6,-2,-2,-3,2.4
528호,527호,2,2,12,5,5,2,3,4.4
528호,526호,1,1,20,20,8,10,13,10.4
528호,527호,4,4,3,1,8,-2,2,3.4
528호,527호,2,2,4,5,0,5,0,11.9
528호,527호,4,4,0,1,5,3,3,2.9
528호,527호,2,2,9,-3,5,2,4,3.9
528호,527호,-1,-1,6,6,2,-5,1,3.1
528호,527호,3,3,-1,4,-3,0,0,11.3
528호,527호,3,3,2,2,7,-4,6,3.9
528호,527호,3,3,3,-1,-8,-5,-8,4.4
528호,529호,12,12,22,17,17,10,8,14
528호,527호,3,3,2,8,-1,4,-7,4
528호,526호,13,13,19,19,5,12,13,13.4
529호,529호,-2,-2,9,15,15,2,1,6.6
529호,527호,-3,-3,-4,-7,1,3,1,3.1
529호,527호,3,3,0,-14,-1,4,-1,3.7
529호,528호,0,0,2,4,-2,11,11,4.3
529호,527호,3,3,2,-14,-1,3,-2,4
529호,527호,2,2,0,-12,2,4,3,3.6
529호,527호,-2,-2,3,-3,4,3,-5,3.1
529호,527호,0,0,-2,6,4,7,1,2.9
529호,527호,-3,-3,2,-14,8,3,8,5.9
529호,527호,-1,-1,-2,-13,7,3,7,4.9
529호,527호,-2,-2,1,-6,9,4,11,5
529호,527호,0,0,-4,0,-7,9,-8,4
529호,527호,0,0,4,1,-6,7,-6,3.4
529호,527호,-2,-2,-4,-4,-7,5,-8,4.6
529호,527호,-2,-2,-3,-4,-5,3,-7,3.7
529호,527호,-1,-1,-2,-3,-3,8,-6,3.4
529호,527호,1,1,6,-4,-3,4,-5,3.4
529호,527호,1,1,5,-7,-2,7,-1,3.4
529호,527호,7,6,9,-12,-1,6,-2,6.1
530호,520호 앞 엘리베이터,0,0,-9,-9,3,1,-3,3.6
530호,528호,-3,-3,13,22,16,10,15,11.7
530호,529호,-10,-10,5,1,1,6,4,5.3
530호,529호,-8,-8,3,3,3,7,12,6.3
530호,529호,0,1,3,0,-1,7,2,2
530호,529호,0,0,5,1,1,5,3,2.1
530호,529호,0,0,8,-1,-1,6,6,3.1
530호,529호,0,0,8,0,0,6,3,2.4
530호,529호,2,2,1,4,5,2,3,2.7
530호,529호,-8,-8,2,1,1,12,5,5.3
530호,529호,-6,-6,-1,-1,-1,11,9,5
530호,529호,-7,-7,1,-4,-4,10,11,6.3
530호,529호,-8,-8,-2,-5,-5,9,9,6.6
530호,529호,-8,-8,-3,-2,-2,10,12,6.4
530호,529호,-4,-4,-3,-1,-1,5,-1,2.7
530호,520호 앞 엘리베이터,17,17,-1,-1,10,18,7,10.1
530호,529호,-5,-5,1,-4,-4,6,7,4.6
530호,529호,-3,-3,-7,0,0,3,1,2.4
530호,529호,-2,-2,-1,1,1,2,-4,1.9
530호,529호,5,5,-2,-1,-1,4,6,3.4
531호,520호 앞 엘리베이터,8,-2,-3,-3,5,-62,0,19.6
531호,520호 앞 엘리베이터,0,0,-7,-7,7,-3,-5,4.1
531호,520호 앞 엘리베이터,-1,-2,-4,-4,10,11,-6,5.4
531호,520호 앞 엘리베이터,-3,-3,-1,-1,10,7,-5,4.3
531호,530호,3,3,-5,-5,3,2,6,3.9
531호,529호,0,0,-1,-6,-6,11,10,4.9
531호,529호,1,1,-1,-7,-7,8,6,4.4
531호,520호 앞 엘리베이터,-5,-5,-6,-6,3,4,-3,4.6
531호,529호,-1,-1,0,-8,-8,10,8,5.1
531호,520호 앞 엘리베이터,-2,-3,-9,-9,7,-4,-1,5
531호,520호 앞 엘리베이터,-2,-2,-8,-8,-1,3,-7,4.4
531호,520호 앞 엘리베이터,2,2,-6,-6,2,4,-3,3.6
531호,520호 앞 엘리베이터,-1,-1,-8,-8,0,2,-4,3.4
531호,530호,1,1,-2,-2,-4,-5,9,3.4
531호,520호 앞 엘리베이터,-1,-2,-1,-1,0,-6,-8,2.7
531호,529호,3,3,-5,-8,-8,7,6,5.7
531호,520호 앞 엘리베이터,2,2,-8,-8,11,3,0,4.9
531호,530호,2,2,-6,-6,3,3,11,4.7
531호,520호 앞 엘리베이터,5,5,-6,-6,2,-4,-7,5
531호,520호 앞 엘리베이터,-2,-2,-6,-6,4,-3,-6,4.1
532호,501호 옆 계단실,8,7,4,11,12,5,-13,8.6
532호,531호,-4,-4,4,8,5,0,-3,4
532호,531호,1,1,2,13,0,-3,-3,3.3
532호,531호,0,0,9,9,8,-3,-1,4.3
532호,531호,-2,-2,0,13,-1,-1,-1,2.9
532호,531호,-3,-3,0,13,-1,-2,0,3.1
532호,520호 앞 엘리베이터,9,8,0,0,2,0,1,2.9
532호,531호,0,0,-1,12,-2,1,-3,2.7
532호,531호,1,1,2,16,2,-2,-1,3.6
532호,531호,-1,-1,0,13,-1,1,-4,3
532호,531호,-1,-1,1,5,-1,0,-3,1.7
532호,531호,-2,-2,0,-1,-1,-6,-5,2.4
532호,531호,-2,-2,4,5,3,0,8,3.4
532호,531호,-2,-2,1,5,0,-1,2,1.9
532호,531호,-3,-3,2,8,1,-7,1,3.6
532호,520호 앞 엘리베이터,5,5,1,1,9,1,-2,3.4
532호,531호,1,1,5,12,3,-6,-1,4.1
532호,531호,-6,-6,4,-4,2,-4,-2,4
532호,520호 앞 엘리베이터,3,3,1,1,-1,2,-2,1.9
532호,531호,-4,-4,4,5,4,-5,-2,4
5층 아르테크네,525호,-1,-1,1,1,6,6,3,2.7
5층 아르테크네,5층 아르테크네,-3,-3,5,5,-10,-9,3,5.4
5층 아르테크네,525호,-2,-2,1,1,8,7,2,3.3
5층 아르테크네,525호,-3,-3,2,2,4,3,7,3.4
5층 아르테크네,525호,0,0,1,1,7,8,3,2.9
5층 아르테크네,5층 아르테크네,-4,-4,5,5,-8,-8,7,5.9
5층 아르테크네,525호,-3,-3,2,2,8,13,-6,5.3
5층 아르테크네,5층 아르테크네,-3,-3,3,3,-4,-4,11,4.4
5층 아르테크네,526호 옆 엘리베이터,5,5,1,1,19,0,0,4.4
5층 아르테크네,526호 옆 엘리베이터,5,5,0,0,9,-3,-3,3.6
5층 아르테크네,525호,4,4,3,3,4,3,-2,3.3
5층 아르테크네,526호 옆 엘리베이터,8,8,1,1,7,-3,-3,4.4
5층 아르테크네,526호 옆 엘리베이터,6,7,-1,-1,12,0,0,3.9
5층 아르테크네,5층 아르테크네,-3,-3,3,3,-1,-1,8,3.1
5층 아르테크네,525호,6,5,6,6,1,3,-2,4.1
5층 아르테크네,525호,3,4,6,6,4,6,-2,4.4
5층 아르테크네,525호,2,2,5,6,10,9,1,5
5층 아르테크네,525호,0,0,-1,-1,10,9,-2,3.3
5층 아르테크네,525호,0,0,2,2,16,13,3,5.1
5층 아르테크네,526호 옆 엘리베이터,9,9,1,1,15,-2,-2,5.6
C-CUBE SQUARE,514호,7,7,0,4,2,-9,-10,5.6
C-CUBE SQUARE,C-CUBE SQUARE,21,12,13,10,10,15,0,19.6
C-CUBE SQUARE,C-CUBE SQUARE,13,13,20,16,15,19,0,21.6
C-CUBE SQUARE,501호,33,20,17,15,12,3,0,21.6
C-CUBE SQUARE,501호,30,30,18,23,12,2,0,25
C-CUBE SQUARE,C-CUBE SQUARE,16,16,12,14,14,17,0,20.6
C-CUBE SQUARE,502호,0,1,-4,-4,1,14,0,14.4
C-CUBE SQUARE,501호,29,29,26,23,22,11,3,20.4
C-CUBE SQUARE,502호,4,6,-2,-1,5,10,-78,15.1
C-CUBE SQUARE,C-CUBE SQUARE,17,17,19,11,12,19,0,21.4
C-CUBE SQUARE,C-CUBE SQUARE,17,18,19,9,9,20,0,21.1
C-CUBE SQUARE,502호,9,4,-5,-5,4,9,0,16.1
C-CUBE SQUARE,C-CUBE SQUARE,19,15,15,18,9,9,-62,21
C-CUBE SQUARE,502호,-4,10,-5,-5,10,12,12,8.3
C-CUBE SQUARE,502호,3,8,-4,-4,9,6,-78,16
C-CUBE SQUARE,502호,0,3,-5,-5,3,-78,0,24.4
C-CUBE SQUARE,C-CUBE SQUARE,25,19,19,20,17,17,18,19.3
C-CUBE SQUARE,C-CUBE SQUARE,23,13,14,16,17,19,0,22.6
C-CUBE SQUARE,C-CUBE SQUARE,20,20,19,17,17,16,0,23.4
C-CUBE SQUARE,502호,2,7,-2,-2,7,-78,0,25
